,year,state,dem,rep,candidate_dem,candidate_rep,votes_dem,votes_rep,totalvotes,dem_percent,percent_dem,percent_rep
0,1976,ALABAMA,DEMOCRAT,REPUBLICAN,"CARTER, JIMMY","FORD, GERALD",659170,504070,1182850,55.727268884473936,55.727268884473936,42.614870862746756
1,1976,ALASKA,DEMOCRAT,REPUBLICAN,"CARTER, JIMMY","FORD, GERALD",44058,71555,123574,35.65313091750692,35.65313091750692,57.90457539611893
2,1976,ARIZONA,DEMOCRAT,REPUBLICAN,"CARTER, JIMMY","FORD, GERALD",295602,418642,742719,39.79997818825154,39.79997818825154,56.36613577948053
3,1976,ARKANSAS,DEMOCRAT,REPUBLICAN,"CARTER, JIMMY","FORD, GERALD",498604,267903,767535,64.96172812966185,64.96172812966185,34.904336610056866
4,1976,CALIFORNIA,DEMOCRAT,REPUBLICAN,"CARTER, JIMMY","FORD, GERALD",3742284,3882244,7803770,47.954821836112544,47.954821836112544,49.748313955946934
5,1976,COLORADO,DEMOCRAT,REPUBLICAN,"CARTER, JIMMY","FORD, GERALD",460801,584278,1081440,42.60994599792869,42.60994599792869,54.02777777777777
6,1976,CONNECTICUT,DEMOCRAT,REPUBLICAN,"CARTER, JIMMY","FORD, GERALD",647895,719261,1386355,46.733700964038796,46.733700964038796,51.881444507359234
7,1976,DELAWARE,DEMOCRAT,REPUBLICAN,"CARTER, JIMMY","FORD, GERALD",122461,109780,235642,51.969088702353574,51.969088702353574,46.587620203529085
8,1976,DISTRICT OF COLUMBIA,DEMOCRAT,REPUBLICAN,"CARTER, JIMMY","FORD, GERALD",137818,27873,168830,81.63122667772316,81.63122667772316,16.509506604276492
9,1976,FLORIDA,DEMOCRAT,REPUBLICAN,"CARTER, JIMMY","FORD, GERALD",1636000,1469531,3150631,51.92610623078361,51.92610623078361,46.64243448375897
10,1976,GEORGIA,DEMOCRAT,REPUBLICAN,"CARTER, JIMMY","FORD, GERALD",979409,483743,1463152,66.93829485931741,66.93829485931741,33.06170514068258
11,1976,HAWAII,DEMOCRAT,REPUBLICAN,"CARTER, JIMMY","FORD, GERALD",147375,140003,291301,50.59199934088795,50.59199934088795,48.061283689379714
12,1976,IDAHO,DEMOCRAT,REPUBLICAN,"CARTER, JIMMY","FORD, GERALD",126549,204151,340932,37.11854563373341,37.11854563373341,59.880269379231045
13,1976,ILLINOIS,DEMOCRAT,REPUBLICAN,"CARTER, JIMMY","FORD, GERALD",2271295,2364269,4721282,48.107590268914244,48.107590268914244,50.07684353529401
14,1976,INDIANA,DEMOCRAT,REPUBLICAN,"CARTER, JIMMY","FORD, GERALD",1014714,1183958,2220362,45.70038579294727,45.70038579294727,53.322746471070936
15,1976,IOWA,DEMOCRAT,REPUBLICAN,"CARTER, JIMMY","FORD, GERALD",619931,632864,1279303,48.458496540694426,48.458496540694426,49.469437654722924
16,1976,KANSAS,DEMOCRAT,REPUBLICAN,"CARTER, JIMMY","FORD, GERALD",430421,502752,957845,44.936393675385894,44.936393675385894,52.487824230433944
17,1976,KENTUCKY,DEMOCRAT,REPUBLICAN,"CARTER, JIMMY","FORD, GERALD",615717,531852,1167142,52.75424926872652,52.75424926872652,45.568748275702525
18,1976,LOUISIANA,DEMOCRAT,REPUBLICAN,"CARTER, JIMMY","FORD, GERALD",661365,587446,1277383,51.77499622274604,51.77499622274604,45.9882431502533
19,1976,MAINE,DEMOCRAT,REPUBLICAN,"CARTER, JIMMY","FORD, GERALD",232279,236320,482968,48.0940766261947,48.0940766261947,48.9307780225605
20,1976,MARYLAND,DEMOCRAT,REPUBLICAN,"CARTER, JIMMY","FORD, GERALD",759612,672661,1432273,53.035419923436386,53.035419923436386,46.964580076563614
21,1976,MASSACHUSETTS,DEMOCRAT,REPUBLICAN,"CARTER, JIMMY","FORD, GERALD",1429475,1030276,2547558,56.111578225108126,56.111578225108126,40.44170927609891
22,1976,MICHIGAN,DEMOCRAT,REPUBLICAN,"CARTER, JIMMY","FORD, GERALD",1696714,1893742,3651590,46.46507411839774,46.46507411839774,51.860751070081804
23,1976,MINNESOTA,DEMOCRAT,REPUBLICAN,"CARTER, JIMMY","FORD, GERALD",1070440,819395,1949931,54.89630145887213,54.89630145887213,42.02174333348206
24,1976,MISSISSIPPI,DEMOCRAT,REPUBLICAN,"CARTER, JIMMY","FORD, GERALD",381329,366846,768390,49.62701232447065,49.62701232447065,47.74216218326631
25,1976,MISSOURI,DEMOCRAT,REPUBLICAN,"CARTER, JIMMY","FORD, GERALD",998387,927443,1953600,51.10498566748567,51.10498566748567,47.47353603603604
26,1976,MONTANA,DEMOCRAT,REPUBLICAN,"CARTER, JIMMY","FORD, GERALD",149259,173703,328734,45.40418697183741,45.40418697183741,52.839986128602455
27,1976,NEBRASKA,DEMOCRAT,REPUBLICAN,"CARTER, JIMMY","FORD, GERALD",233293,359219,606749,38.449671940126805,38.449671940126805,59.20388826351588
28,1976,NEVADA,DEMOCRAT,REPUBLICAN,"CARTER, JIMMY","FORD, GERALD",92479,101273,201876,45.80980403812241,45.80980403812241,50.16594345043492
29,1976,NEW HAMPSHIRE,DEMOCRAT,REPUBLICAN,"CARTER, JIMMY","FORD, GERALD",147645,185935,339627,43.472692100451376,43.472692100451376,54.74682519352113
30,1976,NEW JERSEY,DEMOCRAT,REPUBLICAN,"CARTER, JIMMY","FORD, GERALD",1444653,1509688,3014472,47.92391503387658,47.92391503387658,50.08134094461651
31,1976,NEW MEXICO,DEMOCRAT,REPUBLICAN,"CARTER, JIMMY","FORD, GERALD",201148,211419,416590,48.28440433039679,48.28440433039679,50.74989798122854
32,1976,NEW YORK,DEMOCRAT,REPUBLICAN,"CARTER, JIMMY","FORD, GERALD",3244165,2825913,6668262,48.65083285569763,48.65083285569763,42.378553812072774
33,1976,NORTH CAROLINA,DEMOCRAT,REPUBLICAN,"CARTER, JIMMY","FORD, GERALD",927365,741960,1677906,55.269186712485684,55.269186712485684,44.219402040400354
34,1976,NORTH DAKOTA,DEMOCRAT,REPUBLICAN,"CARTER, JIMMY","FORD, GERALD",136078,153684,297308,45.77004318753616,45.77004318753616,51.69184818437446
35,1976,OHIO,DEMOCRAT,REPUBLICAN,"CARTER, JIMMY","FORD, GERALD",2009959,2000626,4110456,48.89868666639419,48.89868666639419,48.671631565938185
36,1976,OKLAHOMA,DEMOCRAT,REPUBLICAN,"CARTER, JIMMY","FORD, GERALD",532442,545708,1092251,48.747220190231,48.747220190231,49.96177618514426
37,1976,OREGON,DEMOCRAT,REPUBLICAN,"CARTER, JIMMY","FORD, GERALD",490407,492120,1029876,47.61806275706979,47.61806275706979,47.78439346096035
38,1976,PENNSYLVANIA,DEMOCRAT,REPUBLICAN,"CARTER, JIMMY","FORD, GERALD",2328677,2205604,4620787,50.39567935072532,50.39567935072532,47.732215313105755
39,1976,RHODE ISLAND,DEMOCRAT,REPUBLICAN,"CARTER, JIMMY","FORD, GERALD",227636,181249,410584,55.44200455935935,55.44200455935935,44.144194610603435
40,1976,SOUTH CAROLINA,DEMOCRAT,REPUBLICAN,"CARTER, JIMMY","FORD, GERALD",450807,346149,802583,56.169517669823556,56.169517669823556,43.12937104324413
41,1976,SOUTH DAKOTA,DEMOCRAT,REPUBLICAN,"CARTER, JIMMY","FORD, GERALD",147068,151505,300678,48.91212526357099,48.91212526357099,50.387790260677534
42,1976,TENNESSEE,DEMOCRAT,REPUBLICAN,"CARTER, JIMMY","FORD, GERALD",825879,633969,1476346,55.94074830696869,55.94074830696869,42.94176297426213
43,1976,TEXAS,DEMOCRAT,REPUBLICAN,"CARTER, JIMMY","FORD, GERALD",2082319,1953300,4071884,51.1389568072175,51.1389568072175,47.97042351894111
44,1976,UTAH,DEMOCRAT,REPUBLICAN,"CARTER, JIMMY","FORD, GERALD",182110,337908,541218,33.64817873758818,33.64817873758818,62.43473055219893
45,1976,VERMONT,DEMOCRAT,REPUBLICAN,"CARTER, JIMMY","FORD, GERALD",77798,100387,183902,42.30405324575045,42.30405324575045,54.58722580504835
46,1976,VIRGINIA,DEMOCRAT,REPUBLICAN,"CARTER, JIMMY","FORD, GERALD",813896,836554,1697094,47.958215632133516,47.958215632133516,49.29332140706408
47,1976,WASHINGTON,DEMOCRAT,REPUBLICAN,"CARTER, JIMMY","FORD, GERALD",717323,777732,1555534,46.114260440466104,46.114260440466104,49.997749968821
48,1976,WEST VIRGINIA,DEMOCRAT,REPUBLICAN,"CARTER, JIMMY","FORD, GERALD",435864,314726,750590,58.06951864533234,58.06951864533234,41.93048135466766
49,1976,WISCONSIN,DEMOCRAT,REPUBLICAN,"CARTER, JIMMY","FORD, GERALD",1040232,1004987,2101336,49.50336357441171,49.50336357441171,47.82609730190698
50,1976,WYOMING,DEMOCRAT,REPUBLICAN,"CARTER, JIMMY","FORD, GERALD",62239,92717,156343,39.809265525159425,39.809265525159425,59.303582507691424
51,1980,ALABAMA,DEMOCRAT,REPUBLICAN,"CARTER, JIMMY","REAGAN, RONALD",636730,654192,1341929,47.448859067804634,47.448859067804634,48.75012016284021
52,1980,ALASKA,DEMOCRAT,REPUBLICAN,"CARTER, JIMMY","REAGAN, RONALD",41842,86112,158445,26.40790179557575,26.40790179557575,54.34819653507527
53,1980,ARIZONA,DEMOCRAT,REPUBLICAN,"CARTER, JIMMY","REAGAN, RONALD",246843,529688,873945,28.244683589928428,28.244683589928428,60.60884838290739
54,1980,ARKANSAS,DEMOCRAT,REPUBLICAN,"CARTER, JIMMY","REAGAN, RONALD",398041,403164,837582,47.522630620046755,47.522630620046755,48.13427222648051
55,1980,CALIFORNIA,DEMOCRAT,REPUBLICAN,"CARTER, JIMMY","REAGAN, RONALD",3082943,4522994,8582938,35.91943691076413,35.91943691076413,52.69750288304541
56,1980,COLORADO,DEMOCRAT,REPUBLICAN,"CARTER, JIMMY","REAGAN, RONALD",368009,652264,1184450,31.07003250453797,31.07003250453797,55.06893494871037
57,1980,CONNECTICUT,DEMOCRAT,REPUBLICAN,"CARTER, JIMMY","REAGAN, RONALD",541732,677210,1406285,38.52220566954778,38.52220566954778,48.15595700729226
58,1980,DELAWARE,DEMOCRAT,REPUBLICAN,"CARTER, JIMMY","REAGAN, RONALD",105754,111252,235668,44.87414498362103,44.87414498362103,47.20708793726768
59,1980,DISTRICT OF COLUMBIA,DEMOCRAT,REPUBLICAN,"CARTER, JIMMY","REAGAN, RONALD",130231,23313,173889,74.89317898199425,74.89317898199425,13.4068284940393
60,1980,FLORIDA,DEMOCRAT,REPUBLICAN,"CARTER, JIMMY","REAGAN, RONALD",1419475,2046951,3686927,38.50021983076963,38.50021983076963,55.51916270650328
61,1980,GEORGIA,DEMOCRAT,REPUBLICAN,"CARTER, JIMMY","REAGAN, RONALD",890955,654168,1596805,55.79610534786652,55.79610534786652,40.967306590347604
62,1980,HAWAII,DEMOCRAT,REPUBLICAN,"CARTER, JIMMY","REAGAN, RONALD",135879,130112,303287,44.80211812573569,44.80211812573569,42.900618885741885
63,1980,IDAHO,DEMOCRAT,REPUBLICAN,"CARTER, JIMMY","REAGAN, RONALD",110192,290699,437431,25.190715792890767,25.190715792890767,66.45596676961624
64,1980,ILLINOIS,DEMOCRAT,REPUBLICAN,"CARTER, JIMMY","REAGAN, RONALD",1981413,2358049,4749721,41.716408184817595,41.716408184817595,49.646052894475275
65,1980,INDIANA,DEMOCRAT,REPUBLICAN,"CARTER, JIMMY","REAGAN, RONALD",844197,1255656,2242033,37.653192437399454,37.653192437399454,56.00524167128673
66,1980,IOWA,DEMOCRAT,REPUBLICAN,"CARTER, JIMMY","REAGAN, RONALD",508672,676026,1317661,38.60416298273987,38.60416298273987,51.305001817614695
67,1980,KANSAS,DEMOCRAT,REPUBLICAN,"CARTER, JIMMY","REAGAN, RONALD",326150,566812,979795,33.287575462214036,33.287575462214036,57.850060471833395
68,1980,KENTUCKY,DEMOCRAT,REPUBLICAN,"CARTER, JIMMY","REAGAN, RONALD",617417,635274,1295627,47.65391582608266,47.65391582608266,49.032167437078726
69,1980,LOUISIANA,DEMOCRAT,REPUBLICAN,"CARTER, JIMMY","REAGAN, RONALD",708453,792853,1548591,45.748231779727504,45.748231779727504,51.19834740095997
70,1980,MAINE,DEMOCRAT,REPUBLICAN,"CARTER, JIMMY","REAGAN, RONALD",220974,238522,523011,42.250354199051266,42.250354199051266,45.605541757247934
71,1980,MARYLAND,DEMOCRAT,REPUBLICAN,"CARTER, JIMMY","REAGAN, RONALD",726161,680606,1540496,47.138129537499616,47.138129537499616,44.18096509176265
72,1980,MASSACHUSETTS,DEMOCRAT,REPUBLICAN,"CARTER, JIMMY","REAGAN, RONALD",1053802,1057631,2524090,41.74977912831952,41.74977912831952,41.901477364119344
73,1980,MICHIGAN,DEMOCRAT,REPUBLICAN,"CARTER, JIMMY","REAGAN, RONALD",1661532,1915225,3909725,42.497413500949555,42.497413500949555,48.986181892588355
74,1980,MINNESOTA,DEMOCRAT,REPUBLICAN,"CARTER, JIMMY","REAGAN, RONALD",954173,873268,2051916,46.50156244212726,46.50156244212726,42.55866224543305
75,1980,MISSISSIPPI,DEMOCRAT,REPUBLICAN,"CARTER, JIMMY","REAGAN, RONALD",429281,441089,891750,48.139164564059435,48.139164564059435,49.46330249509391
76,1980,MISSOURI,DEMOCRAT,REPUBLICAN,"CARTER, JIMMY","REAGAN, RONALD",931182,1074181,2099824,44.345716593390684,44.345716593390684,51.15576353065781
77,1980,MONTANA,DEMOCRAT,REPUBLICAN,"CARTER, JIMMY","REAGAN, RONALD",118032,206814,363952,32.43065019563019,32.43065019563019,56.82452631116192
78,1980,NEBRASKA,DEMOCRAT,REPUBLICAN,"CARTER, JIMMY","REAGAN, RONALD",166424,419214,639533,26.02273846697512,26.02273846697512,65.55001852914548
79,1980,NEVADA,DEMOCRAT,REPUBLICAN,"CARTER, JIMMY","REAGAN, RONALD",66666,155017,243692,27.356663329120366,27.356663329120366,63.611854307896856
80,1980,NEW HAMPSHIRE,DEMOCRAT,REPUBLICAN,"CARTER, JIMMY","REAGAN, RONALD",108864,221705,383990,28.350738300476575,28.350738300476575,57.73718065574624
81,1980,NEW JERSEY,DEMOCRAT,REPUBLICAN,"CARTER, JIMMY","REAGAN, RONALD",1147364,1546557,2975684,38.557992044854224,38.557992044854224,51.97315978443948
82,1980,NEW MEXICO,DEMOCRAT,REPUBLICAN,"CARTER, JIMMY","REAGAN, RONALD",167826,250779,456237,36.78482893759165,36.78482893759165,54.966826452041374
83,1980,NEW YORK,DEMOCRAT,REPUBLICAN,"CARTER, JIMMY","REAGAN, RONALD",2728372,2637700,6201959,43.99209991552669,43.99209991552669,42.530110244198646
84,1980,NORTH CAROLINA,DEMOCRAT,REPUBLICAN,"CARTER, JIMMY","REAGAN, RONALD",875635,915018,1855833,47.18285535390307,47.18285535390307,49.30497517826227
85,1980,NORTH DAKOTA,DEMOCRAT,REPUBLICAN,"CARTER, JIMMY","REAGAN, RONALD",79189,193695,301116,26.298502902535898,26.298502902535898,64.32570836488264
86,1980,OHIO,DEMOCRAT,REPUBLICAN,"CARTER, JIMMY","REAGAN, RONALD",1752414,2206545,4283603,40.90981353780918,40.90981353780918,51.511426245616136
87,1980,OKLAHOMA,DEMOCRAT,REPUBLICAN,"CARTER, JIMMY","REAGAN, RONALD",402026,695570,1149708,34.967661354013366,34.967661354013366,60.49970949145348
88,1980,OREGON,DEMOCRAT,REPUBLICAN,"CARTER, JIMMY","REAGAN, RONALD",456890,571044,1181516,38.66981065004621,38.66981065004621,48.33146567630062
89,1980,PENNSYLVANIA,DEMOCRAT,REPUBLICAN,"CARTER, JIMMY","REAGAN, RONALD",1937540,2261872,4561501,42.475930620205936,42.475930620205936,49.586134037896734
90,1980,RHODE ISLAND,DEMOCRAT,REPUBLICAN,"CARTER, JIMMY","REAGAN, RONALD",198342,154793,415967,47.68214786269103,47.68214786269103,37.21280774676837
91,1980,SOUTH CAROLINA,DEMOCRAT,REPUBLICAN,"CARTER, JIMMY","REAGAN, RONALD",428220,439277,888258,48.20896631384125,48.20896631384125,49.45376230779796
92,1980,SOUTH DAKOTA,DEMOCRAT,REPUBLICAN,"CARTER, JIMMY","REAGAN, RONALD",103855,198343,327703,31.691806300216964,31.691806300216964,60.5252316884496
93,1980,TENNESSEE,DEMOCRAT,REPUBLICAN,"CARTER, JIMMY","REAGAN, RONALD",783051,787761,1617616,48.40771851910466,48.40771851910466,48.698887745917446
94,1980,TEXAS,DEMOCRAT,REPUBLICAN,"CARTER, JIMMY","REAGAN, RONALD",1881147,2510705,4541636,41.4200301389191,41.4200301389191,55.28195126161586
95,1980,UTAH,DEMOCRAT,REPUBLICAN,"CARTER, JIMMY","REAGAN, RONALD",124266,439687,604152,20.56866483931196,20.56866483931196,72.77754604801441
96,1980,VERMONT,DEMOCRAT,REPUBLICAN,"CARTER, JIMMY","REAGAN, RONALD",81952,94628,213299,38.421183409204914,38.421183409204914,44.36401483363729
97,1980,VIRGINIA,DEMOCRAT,REPUBLICAN,"CARTER, JIMMY","REAGAN, RONALD",752174,989609,1866032,40.308740686118995,40.308740686118995,53.03279900880585
98,1980,WASHINGTON,DEMOCRAT,REPUBLICAN,"CARTER, JIMMY","REAGAN, RONALD",650193,865244,1742394,37.31607202504141,37.31607202504141,49.65834363525127
99,1980,WEST VIRGINIA,DEMOCRAT,REPUBLICAN,"CARTER, JIMMY","REAGAN, RONALD",367462,334206,737715,49.81083480747985,49.81083480747985,45.30286086090157
100,1980,WISCONSIN,DEMOCRAT,REPUBLICAN,"CARTER, JIMMY","REAGAN, RONALD",981584,1088845,2273221,43.180315508258985,43.180315508258985,47.89877447023409
101,1980,WYOMING,DEMOCRAT,REPUBLICAN,"CARTER, JIMMY","REAGAN, RONALD",49427,110700,176713,27.970211586018006,27.970211586018006,62.64394809663126
102,1984,ALABAMA,DEMOCRAT,REPUBLICAN,"MONDALE, WALTER","REAGAN, RONALD",551899,872849,1441713,38.28078126506455,38.28078126506455,60.54249354760621
103,1984,ALASKA,DEMOCRAT,REPUBLICAN,"MONDALE, WALTER","REAGAN, RONALD",62007,138377,207605,29.867777751017556,29.867777751017556,66.6539823221984
104,1984,ARIZONA,DEMOCRAT,REPUBLICAN,"MONDALE, WALTER","REAGAN, RONALD",333854,681416,1025897,32.54264316983089,32.54264316983089,66.42148285841562
105,1984,ARKANSAS,DEMOCRAT,REPUBLICAN,"MONDALE, WALTER","REAGAN, RONALD",338646,534774,884406,38.2907850014586,38.2907850014586,60.46702532547269
106,1984,CALIFORNIA,DEMOCRAT,REPUBLICAN,"MONDALE, WALTER","REAGAN, RONALD",3922519,5467009,9505041,41.2677756992316,41.2677756992316,57.51694285169312
107,1984,COLORADO,DEMOCRAT,REPUBLICAN,"MONDALE, WALTER","REAGAN, RONALD",454975,821817,1295380,35.12289830011271,35.12289830011271,63.44215596967685
108,1984,CONNECTICUT,DEMOCRAT,REPUBLICAN,"MONDALE, WALTER","REAGAN, RONALD",569597,890877,1466900,38.829981593837346,38.829981593837346,60.73195173495126
109,1984,DELAWARE,DEMOCRAT,REPUBLICAN,"MONDALE, WALTER","REAGAN, RONALD",101656,152190,254572,39.93212136448627,39.93212136448627,59.78269409047342
110,1984,DISTRICT OF COLUMBIA,DEMOCRAT,REPUBLICAN,"MONDALE, WALTER","REAGAN, RONALD",180408,29009,211288,85.38487751315739,85.38487751315739,13.729601302487602
111,1984,FLORIDA,DEMOCRAT,REPUBLICAN,"MONDALE, WALTER","REAGAN, RONALD",1448816,2730350,4180051,34.66024696827862,34.66024696827862,65.3185810412361
112,1984,GEORGIA,DEMOCRAT,REPUBLICAN,"MONDALE, WALTER","REAGAN, RONALD",706628,1068722,1776103,39.78530524412154,39.78530524412154,60.172298566017844
113,1984,HAWAII,DEMOCRAT,REPUBLICAN,"MONDALE, WALTER","REAGAN, RONALD",147154,185050,335846,43.81591562799617,43.81591562799617,55.09965877217534
114,1984,IDAHO,DEMOCRAT,REPUBLICAN,"MONDALE, WALTER","REAGAN, RONALD",108510,297523,411144,26.39221294728854,26.39221294728854,72.3646702858366
115,1984,ILLINOIS,DEMOCRAT,REPUBLICAN,"MONDALE, WALTER","REAGAN, RONALD",2086499,2707103,4819088,43.29655320674783,43.29655320674783,56.17459154097206
116,1984,INDIANA,DEMOCRAT,REPUBLICAN,"MONDALE, WALTER","REAGAN, RONALD",841481,1377230,2233069,37.682713789856024,37.682713789856024,61.674314586786174
117,1984,IOWA,DEMOCRAT,REPUBLICAN,"MONDALE, WALTER","REAGAN, RONALD",605620,703088,1319805,45.887081803751315,45.887081803751315,53.27211216808544
118,1984,KANSAS,DEMOCRAT,REPUBLICAN,"MONDALE, WALTER","REAGAN, RONALD",333149,677296,1021991,32.59803657762153,32.59803657762153,66.272207876586
119,1984,KENTUCKY,DEMOCRAT,REPUBLICAN,"MONDALE, WALTER","REAGAN, RONALD",539539,821702,1369345,39.40124658139476,39.40124658139476,60.006937623462306
120,1984,LOUISIANA,DEMOCRAT,REPUBLICAN,"MONDALE, WALTER","REAGAN, RONALD",651586,1037299,1706822,38.175392630280136,38.175392630280136,60.77370692433072
121,1984,MAINE,DEMOCRAT,REPUBLICAN,"MONDALE, WALTER","REAGAN, RONALD",214515,336500,553144,38.78104074165136,38.78104074165136,60.834068524651805
122,1984,MARYLAND,DEMOCRAT,REPUBLICAN,"MONDALE, WALTER","REAGAN, RONALD",787935,879918,1675873,47.01639086016661,47.01639086016661,52.50505259050059
123,1984,MASSACHUSETTS,DEMOCRAT,REPUBLICAN,"MONDALE, WALTER","REAGAN, RONALD",1239606,1310936,2559383,48.43378267340214,48.43378267340214,51.22078250890938
124,1984,MICHIGAN,DEMOCRAT,REPUBLICAN,"MONDALE, WALTER","REAGAN, RONALD",1529638,2251571,3801658,40.236075943706666,40.236075943706666,59.22602717025045
125,1984,MINNESOTA,DEMOCRAT,REPUBLICAN,"MONDALE, WALTER","REAGAN, RONALD",1036364,1032603,2084449,49.71884656328843,49.71884656328843,49.53841518789858
126,1984,MISSISSIPPI,DEMOCRAT,REPUBLICAN,"MONDALE, WALTER","REAGAN, RONALD",352192,582377,941104,37.42328159268264,37.42328159268264,61.88232118873154
127,1984,MISSOURI,DEMOCRAT,REPUBLICAN,"MONDALE, WALTER","REAGAN, RONALD",848583,1274188,2122771,39.975249332122964,39.975249332122964,60.024750667877036
128,1984,MONTANA,DEMOCRAT,REPUBLICAN,"MONDALE, WALTER","REAGAN, RONALD",146742,232450,384377,38.1765818454278,38.1765818454278,60.47448208399566
129,1984,NEBRASKA,DEMOCRAT,REPUBLICAN,"MONDALE, WALTER","REAGAN, RONALD",187866,460054,652090,28.809826864389887,28.809826864389887,70.55069085555675
130,1984,NEVADA,DEMOCRAT,REPUBLICAN,"MONDALE, WALTER","REAGAN, RONALD",91655,188770,282717,32.419345140193194,32.419345140193194,66.7699501621763
131,1984,NEW HAMPSHIRE,DEMOCRAT,REPUBLICAN,"MONDALE, WALTER","REAGAN, RONALD",120347,267050,388904,30.945168987719335,30.945168987719335,68.66733178367926
132,1984,NEW JERSEY,DEMOCRAT,REPUBLICAN,"MONDALE, WALTER","REAGAN, RONALD",1261323,1933630,3217862,39.19754793710855,39.19754793710855,60.09051973018109
133,1984,NEW MEXICO,DEMOCRAT,REPUBLICAN,"MONDALE, WALTER","REAGAN, RONALD",201769,307101,514370,39.226432334700704,39.226432334700704,59.70429846219647
134,1984,NEW YORK,DEMOCRAT,REPUBLICAN,"MONDALE, WALTER","REAGAN, RONALD",3001285,3376519,6806810,44.092386889012616,44.092386889012616,49.605013214707036
135,1984,NORTH CAROLINA,DEMOCRAT,REPUBLICAN,"MONDALE, WALTER","REAGAN, RONALD",824287,1346481,2175361,37.891963678672184,37.891963678672184,61.89689895148437
136,1984,NORTH DAKOTA,DEMOCRAT,REPUBLICAN,"MONDALE, WALTER","REAGAN, RONALD",104429,200336,308971,33.79896495140321,33.79896495140321,64.83974224118121
137,1984,OHIO,DEMOCRAT,REPUBLICAN,"MONDALE, WALTER","REAGAN, RONALD",1825440,2678559,4563235,40.003199484576186,40.003199484576186,58.69868634861014
138,1984,OKLAHOMA,DEMOCRAT,REPUBLICAN,"MONDALE, WALTER","REAGAN, RONALD",385080,861530,1255676,30.66714662062506,30.66714662062506,68.610851843947
139,1984,OREGON,DEMOCRAT,REPUBLICAN,"MONDALE, WALTER","REAGAN, RONALD",536479,685700,1226527,43.739681230009616,43.739681230009616,55.9058218856984
140,1984,PENNSYLVANIA,DEMOCRAT,REPUBLICAN,"MONDALE, WALTER","REAGAN, RONALD",2228131,2584323,4844903,45.989176666694874,45.989176666694874,53.34106792230928
141,1984,RHODE ISLAND,DEMOCRAT,REPUBLICAN,"MONDALE, WALTER","REAGAN, RONALD",197106,212080,410489,48.01736465532572,48.01736465532572,51.66520905554107
142,1984,SOUTH CAROLINA,DEMOCRAT,REPUBLICAN,"MONDALE, WALTER","REAGAN, RONALD",344459,615539,968529,35.565171512675406,35.565171512675406,63.554008191804265
143,1984,SOUTH DAKOTA,DEMOCRAT,REPUBLICAN,"MONDALE, WALTER","REAGAN, RONALD",116113,200267,317867,36.5287997810405,36.5287997810405,63.003394501473885
144,1984,TENNESSEE,DEMOCRAT,REPUBLICAN,"MONDALE, WALTER","REAGAN, RONALD",711714,990212,1711993,41.57224941924412,41.57224941924412,57.83972247550078
145,1984,TEXAS,DEMOCRAT,REPUBLICAN,"MONDALE, WALTER","REAGAN, RONALD",1949276,3433428,5397571,36.1139482926672,36.1139482926672,63.6106129961051
146,1984,UTAH,DEMOCRAT,REPUBLICAN,"MONDALE, WALTER","REAGAN, RONALD",155369,469105,629656,24.6752194849251,24.6752194849251,74.50179145438143
147,1984,VERMONT,DEMOCRAT,REPUBLICAN,"MONDALE, WALTER","REAGAN, RONALD",95730,135865,234561,40.8124112704158,40.8124112704158,57.9230988953833
148,1984,VIRGINIA,DEMOCRAT,REPUBLICAN,"MONDALE, WALTER","REAGAN, RONALD",796250,1337078,2146635,37.09293848278818,37.09293848278818,62.2871610683698
149,1984,WASHINGTON,DEMOCRAT,REPUBLICAN,"MONDALE, WALTER","REAGAN, RONALD",798352,1051670,1874910,42.58081721255954,42.58081721255954,56.091759071102075
150,1984,WEST VIRGINIA,DEMOCRAT,REPUBLICAN,"MONDALE, WALTER","REAGAN, RONALD",328125,405483,735742,44.59783456700854,44.59783456700854,55.1121181066189
151,1984,WISCONSIN,DEMOCRAT,REPUBLICAN,"MONDALE, WALTER","REAGAN, RONALD",995740,1198584,2211689,45.02170060980545,45.02170060980545,54.19315283477921
152,1984,WYOMING,DEMOCRAT,REPUBLICAN,"MONDALE, WALTER","REAGAN, RONALD",53370,133241,188968,28.242877100884805,28.242877100884805,70.50982176876508
153,1988,ALABAMA,DEMOCRAT,REPUBLICAN,"DUKAKIS, MICHAEL","BUSH, GEORGE H.W.",549506,815576,1378476,39.863298309147204,39.863298309147204,59.16504893810266
154,1988,ALASKA,DEMOCRAT,REPUBLICAN,"DUKAKIS, MICHAEL","BUSH, GEORGE H.W.",72584,119251,200116,36.2709628415519,36.2709628415519,59.5909372563913
155,1988,ARIZONA,DEMOCRAT,REPUBLICAN,"DUKAKIS, MICHAEL","BUSH, GEORGE H.W.",454029,702541,1171873,38.7438741228785,38.7438741228785,59.95026764845679
156,1988,ARKANSAS,DEMOCRAT,REPUBLICAN,"DUKAKIS, MICHAEL","BUSH, GEORGE H.W.",349237,466578,827738,42.191732166458465,42.191732166458465,56.367836199377095
157,1988,CALIFORNIA,DEMOCRAT,REPUBLICAN,"DUKAKIS, MICHAEL","BUSH, GEORGE H.W.",4702233,5054917,9887065,47.55944256460335,47.55944256460335,51.126567894516725
158,1988,COLORADO,DEMOCRAT,REPUBLICAN,"DUKAKIS, MICHAEL","BUSH, GEORGE H.W.",621453,728177,1372394,45.282404324122666,45.282404324122666,53.05888833673129
159,1988,CONNECTICUT,DEMOCRAT,REPUBLICAN,"DUKAKIS, MICHAEL","BUSH, GEORGE H.W.",676584,750241,1443394,46.87451936200372,46.87451936200372,51.97756122029051
160,1988,DELAWARE,DEMOCRAT,REPUBLICAN,"DUKAKIS, MICHAEL","BUSH, GEORGE H.W.",108647,139639,249891,43.47775630174756,43.47775630174756,55.87996366415757
161,1988,DISTRICT OF COLUMBIA,DEMOCRAT,REPUBLICAN,"DUKAKIS, MICHAEL","BUSH, GEORGE H.W.",159407,27590,192877,82.64697190437428,82.64697190437428,14.30445309705149
162,1988,FLORIDA,DEMOCRAT,REPUBLICAN,"DUKAKIS, MICHAEL","BUSH, GEORGE H.W.",1656701,2618885,4302313,38.50721693191546,38.50721693191546,60.871559089261986
163,1988,GEORGIA,DEMOCRAT,REPUBLICAN,"DUKAKIS, MICHAEL","BUSH, GEORGE H.W.",714792,1081331,1809672,39.4984284444916,39.4984284444916,59.752872343717534
164,1988,HAWAII,DEMOCRAT,REPUBLICAN,"DUKAKIS, MICHAEL","BUSH, GEORGE H.W.",192364,158625,354461,54.269440079444564,54.269440079444564,44.751044543687456
165,1988,IDAHO,DEMOCRAT,REPUBLICAN,"DUKAKIS, MICHAEL","BUSH, GEORGE H.W.",147272,253881,408968,36.010641419377556,36.010641419377556,62.078451125760445
166,1988,ILLINOIS,DEMOCRAT,REPUBLICAN,"DUKAKIS, MICHAEL","BUSH, GEORGE H.W.",2215940,2310939,4559120,48.604555265051154,48.604555265051154,50.68826878871361
167,1988,INDIANA,DEMOCRAT,REPUBLICAN,"DUKAKIS, MICHAEL","BUSH, GEORGE H.W.",860643,1297763,2168621,39.68618767410258,39.68618767410258,59.84277566250626
168,1988,IOWA,DEMOCRAT,REPUBLICAN,"DUKAKIS, MICHAEL","BUSH, GEORGE H.W.",670557,545355,1225614,54.71192398259158,54.71192398259158,44.49647278833303
169,1988,KANSAS,DEMOCRAT,REPUBLICAN,"DUKAKIS, MICHAEL","BUSH, GEORGE H.W.",422636,554049,993044,42.55964488985382,42.55964488985382,55.79299608073761
170,1988,KENTUCKY,DEMOCRAT,REPUBLICAN,"DUKAKIS, MICHAEL","BUSH, GEORGE H.W.",580368,734281,1322517,43.88359469103233,43.88359469103233,55.521479118982974
171,1988,LOUISIANA,DEMOCRAT,REPUBLICAN,"DUKAKIS, MICHAEL","BUSH, GEORGE H.W.",717460,883702,1628202,44.06455710040892,44.06455710040892,54.274715299453014
172,1988,MAINE,DEMOCRAT,REPUBLICAN,"DUKAKIS, MICHAEL","BUSH, GEORGE H.W.",243569,307131,555035,43.88353887592674,43.88353887592674,55.33542929725152
173,1988,MARYLAND,DEMOCRAT,REPUBLICAN,"DUKAKIS, MICHAEL","BUSH, GEORGE H.W.",826304,876167,1714358,48.199034274054775,48.199034274054775,51.1075866300971
174,1988,MASSACHUSETTS,DEMOCRAT,REPUBLICAN,"DUKAKIS, MICHAEL","BUSH, GEORGE H.W.",1401415,1194635,2632801,53.229051493067644,53.229051493067644,45.37505873022686
175,1988,MICHIGAN,DEMOCRAT,REPUBLICAN,"DUKAKIS, MICHAEL","BUSH, GEORGE H.W.",1675783,1965486,3669163,45.67207834593339,45.67207834593339,53.56769377648254
176,1988,MINNESOTA,DEMOCRAT,REPUBLICAN,"DUKAKIS, MICHAEL","BUSH, GEORGE H.W.",1109471,962337,2096790,52.912833426332625,52.912833426332625,45.89572632452463
177,1988,MISSISSIPPI,DEMOCRAT,REPUBLICAN,"DUKAKIS, MICHAEL","BUSH, GEORGE H.W.",363921,557890,931527,39.067144591622146,39.067144591622146,59.88983679485405
178,1988,MISSOURI,DEMOCRAT,REPUBLICAN,"DUKAKIS, MICHAEL","BUSH, GEORGE H.W.",1001619,1084953,2093228,47.85044916272857,47.85044916272857,51.83157305367595
179,1988,MONTANA,DEMOCRAT,REPUBLICAN,"DUKAKIS, MICHAEL","BUSH, GEORGE H.W.",168936,190412,365674,46.19852655644098,46.19852655644098,52.07151725307241
180,1988,NEBRASKA,DEMOCRAT,REPUBLICAN,"DUKAKIS, MICHAEL","BUSH, GEORGE H.W.",259235,397956,661465,39.19103807457688,39.19103807457688,60.16282040621953
181,1988,NEVADA,DEMOCRAT,REPUBLICAN,"DUKAKIS, MICHAEL","BUSH, GEORGE H.W.",132738,206040,343133,38.684125397440646,38.684125397440646,60.04668743606706
182,1988,NEW HAMPSHIRE,DEMOCRAT,REPUBLICAN,"DUKAKIS, MICHAEL","BUSH, GEORGE H.W.",163696,281537,450525,36.334498640475,36.334498640475,62.4908717607236
183,1988,NEW JERSEY,DEMOCRAT,REPUBLICAN,"DUKAKIS, MICHAEL","BUSH, GEORGE H.W.",1320352,1743192,3099553,42.598142377304086,42.598142377304086,56.24010946094485
184,1988,NEW MEXICO,DEMOCRAT,REPUBLICAN,"DUKAKIS, MICHAEL","BUSH, GEORGE H.W.",244497,270341,521387,46.89357425482415,46.89357425482415,51.85035300074608
185,1988,NEW YORK,DEMOCRAT,REPUBLICAN,"DUKAKIS, MICHAEL","BUSH, GEORGE H.W.",3255487,2838414,6485683,50.19497561012464,50.19497561012464,43.76430362075976
186,1988,NORTH CAROLINA,DEMOCRAT,REPUBLICAN,"DUKAKIS, MICHAEL","BUSH, GEORGE H.W.",890167,1237258,2134370,41.70631146427283,41.70631146427283,57.96829977932598
187,1988,NORTH DAKOTA,DEMOCRAT,REPUBLICAN,"DUKAKIS, MICHAEL","BUSH, GEORGE H.W.",127739,166559,297261,42.9720010361265,42.9720010361265,56.03123181312045
188,1988,OHIO,DEMOCRAT,REPUBLICAN,"DUKAKIS, MICHAEL","BUSH, GEORGE H.W.",1939629,2416549,4393585,44.14684136075665,44.14684136075665,55.00175824525984
189,1988,OKLAHOMA,DEMOCRAT,REPUBLICAN,"DUKAKIS, MICHAEL","BUSH, GEORGE H.W.",483423,678367,1171036,41.28165146075782,41.28165146075782,57.92879125833878
190,1988,OREGON,DEMOCRAT,REPUBLICAN,"DUKAKIS, MICHAEL","BUSH, GEORGE H.W.",616206,560126,1201694,51.27811239799816,51.27811239799816,46.61136695365043
191,1988,PENNSYLVANIA,DEMOCRAT,REPUBLICAN,"DUKAKIS, MICHAEL","BUSH, GEORGE H.W.",2194944,2300087,4536251,48.38674050443858,48.38674050443858,50.70457961872039
192,1988,RHODE ISLAND,DEMOCRAT,REPUBLICAN,"DUKAKIS, MICHAEL","BUSH, GEORGE H.W.",225123,177761,404622,55.637854590210125,55.637854590210125,43.93260870639757
193,1988,SOUTH CAROLINA,DEMOCRAT,REPUBLICAN,"DUKAKIS, MICHAEL","BUSH, GEORGE H.W.",370554,606443,986009,37.581198548897625,37.581198548897625,61.50481385058352
194,1988,SOUTH DAKOTA,DEMOCRAT,REPUBLICAN,"DUKAKIS, MICHAEL","BUSH, GEORGE H.W.",145560,165415,312991,46.50612956922084,46.50612956922084,52.84976245323348
195,1988,TENNESSEE,DEMOCRAT,REPUBLICAN,"DUKAKIS, MICHAEL","BUSH, GEORGE H.W.",679794,947233,1636250,41.54585179526356,41.54585179526356,57.89048128342246
196,1988,TEXAS,DEMOCRAT,REPUBLICAN,"DUKAKIS, MICHAEL","BUSH, GEORGE H.W.",2352748,3036829,5427410,43.349369220309505,43.349369220309505,55.9535579585843
197,1988,UTAH,DEMOCRAT,REPUBLICAN,"DUKAKIS, MICHAEL","BUSH, GEORGE H.W.",207343,428442,647008,32.0464352836441,32.0464352836441,66.21896483505614
198,1988,VERMONT,DEMOCRAT,REPUBLICAN,"DUKAKIS, MICHAEL","BUSH, GEORGE H.W.",115775,124331,243328,47.579809968437665,47.579809968437665,51.0960514203051
199,1988,VIRGINIA,DEMOCRAT,REPUBLICAN,"DUKAKIS, MICHAEL","BUSH, GEORGE H.W.",859799,1309162,2191609,39.23140487194568,39.23140487194568,59.735199116265726
200,1988,WASHINGTON,DEMOCRAT,REPUBLICAN,"DUKAKIS, MICHAEL","BUSH, GEORGE H.W.",933516,903835,1865253,50.04768790078343,50.04768790078343,48.45642923506892
201,1988,WEST VIRGINIA,DEMOCRAT,REPUBLICAN,"DUKAKIS, MICHAEL","BUSH, GEORGE H.W.",341016,310065,653311,52.198110853789395,52.198110853789395,47.46055094740483
202,1988,WISCONSIN,DEMOCRAT,REPUBLICAN,"DUKAKIS, MICHAEL","BUSH, GEORGE H.W.",1126794,1047499,2191608,51.414030246284916,51.414030246284916,47.79591058254943
203,1988,WYOMING,DEMOCRAT,REPUBLICAN,"DUKAKIS, MICHAEL","BUSH, GEORGE H.W.",67113,106867,176551,38.01337857049804,38.01337857049804,60.53038498790718
204,1992,ALABAMA,DEMOCRAT,REPUBLICAN,"CLINTON, BILL","BUSH, GEORGE H.W.",690080,804283,1688060,40.88006350485172,40.88006350485172,47.64540359939813
205,1992,ALASKA,DEMOCRAT,REPUBLICAN,"CLINTON, BILL","BUSH, GEORGE H.W.",78294,102000,258506,30.287111324301954,30.287111324301954,39.457498085150824
206,1992,ARIZONA,DEMOCRAT,REPUBLICAN,"CLINTON, BILL","BUSH, GEORGE H.W.",543050,572086,1486975,36.52045259671481,36.52045259671481,38.47314178113284
207,1992,ARKANSAS,DEMOCRAT,REPUBLICAN,"CLINTON, BILL","BUSH, GEORGE H.W.",505823,337324,950653,53.20795284925204,53.20795284925204,35.483399305529986
208,1992,CALIFORNIA,DEMOCRAT,REPUBLICAN,"CLINTON, BILL","BUSH, GEORGE H.W.",5121325,3630574,11131721,46.00658784028094,46.00658784028094,32.614669375921295
209,1992,COLORADO,DEMOCRAT,REPUBLICAN,"CLINTON, BILL","BUSH, GEORGE H.W.",629681,562850,1569180,40.128028651907364,40.128028651907364,35.869052626212415
210,1992,CONNECTICUT,DEMOCRAT,REPUBLICAN,"CLINTON, BILL","BUSH, GEORGE H.W.",682318,578313,1616156,42.218572959541035,42.218572959541035,35.78324122176325
211,1992,DELAWARE,DEMOCRAT,REPUBLICAN,"CLINTON, BILL","BUSH, GEORGE H.W.",126054,102313,289620,43.52392790553139,43.52392790553139,35.32663490090464
212,1992,DISTRICT OF COLUMBIA,DEMOCRAT,REPUBLICAN,"CLINTON, BILL","BUSH, GEORGE H.W.",192619,20698,227572,84.64090485648498,84.64090485648498,9.095143515019423
213,1992,FLORIDA,DEMOCRAT,REPUBLICAN,"CLINTON, BILL","BUSH, GEORGE H.W.",2071698,2173310,5313392,38.99012156452978,38.99012156452978,40.90249693604387
214,1992,GEORGIA,DEMOCRAT,REPUBLICAN,"CLINTON, BILL","BUSH, GEORGE H.W.",1008966,995252,2321133,43.46868533599755,43.46868533599755,42.877853186353384
215,1992,HAWAII,DEMOCRAT,REPUBLICAN,"CLINTON, BILL","BUSH, GEORGE H.W.",179310,136822,372842,48.09275779016313,48.09275779016313,36.697045933666274
216,1992,IDAHO,DEMOCRAT,REPUBLICAN,"CLINTON, BILL","BUSH, GEORGE H.W.",137013,202645,482114,28.41921205358069,28.41921205358069,42.03258980241188
217,1992,ILLINOIS,DEMOCRAT,REPUBLICAN,"CLINTON, BILL","BUSH, GEORGE H.W.",2453350,1734096,5050157,48.579677819917286,48.579677819917286,34.337467132209945
218,1992,INDIANA,DEMOCRAT,REPUBLICAN,"CLINTON, BILL","BUSH, GEORGE H.W.",848420,989375,2305871,36.79390564346401,36.79390564346401,42.90678012776951
219,1992,IOWA,DEMOCRAT,REPUBLICAN,"CLINTON, BILL","BUSH, GEORGE H.W.",586353,504891,1354607,43.28583862330551,43.28583862330551,37.27213870886538
220,1992,KANSAS,DEMOCRAT,REPUBLICAN,"CLINTON, BILL","BUSH, GEORGE H.W.",390434,449951,1157236,33.73849413602757,33.73849413602757,38.88152459826691
221,1992,KENTUCKY,DEMOCRAT,REPUBLICAN,"CLINTON, BILL","BUSH, GEORGE H.W.",665104,617178,1492900,44.55114207247639,44.55114207247639,41.34088016611963
222,1992,LOUISIANA,DEMOCRAT,REPUBLICAN,"CLINTON, BILL","BUSH, GEORGE H.W.",815971,733386,1790017,45.584539141248385,45.584539141248385,40.970895807134795
223,1992,MAINE,DEMOCRAT,REPUBLICAN,"CLINTON, BILL","BUSH, GEORGE H.W.",263420,206504,679499,38.76679730212995,38.76679730212995,30.390626034769735
224,1992,MARYLAND,DEMOCRAT,REPUBLICAN,"CLINTON, BILL","BUSH, GEORGE H.W.",988571,707094,1984580,49.81260518598394,49.81260518598394,35.62940269477673
225,1992,MASSACHUSETTS,DEMOCRAT,REPUBLICAN,"CLINTON, BILL","BUSH, GEORGE H.W.",1318639,805039,2773664,47.54141092792782,47.54141092792782,29.02438795758967
226,1992,MICHIGAN,DEMOCRAT,REPUBLICAN,"CLINTON, BILL","BUSH, GEORGE H.W.",1871182,1554940,4274673,43.773687484399396,43.773687484399396,36.375647915056895
227,1992,MINNESOTA,DEMOCRAT,REPUBLICAN,"CLINTON, BILL","BUSH, GEORGE H.W.",1020997,747841,2347948,43.48465127847806,43.48465127847806,31.850833153034053
228,1992,MISSISSIPPI,DEMOCRAT,REPUBLICAN,"CLINTON, BILL","BUSH, GEORGE H.W.",400258,487793,981793,40.76806414386739,40.76806414386739,49.68389467026145
229,1992,MISSOURI,DEMOCRAT,REPUBLICAN,"CLINTON, BILL","BUSH, GEORGE H.W.",1053873,811159,2391270,44.07168575694087,44.07168575694087,33.92168178415654
230,1992,MONTANA,DEMOCRAT,REPUBLICAN,"CLINTON, BILL","BUSH, GEORGE H.W.",154507,144207,410583,37.63112452293446,37.63112452293446,35.12249654759208
231,1992,NEBRASKA,DEMOCRAT,REPUBLICAN,"CLINTON, BILL","BUSH, GEORGE H.W.",216864,343678,737546,29.403454157435604,29.403454157435604,46.59750035929962
232,1992,NEVADA,DEMOCRAT,REPUBLICAN,"CLINTON, BILL","BUSH, GEORGE H.W.",189148,175828,506318,37.35754999822246,37.35754999822246,34.726792253089954
233,1992,NEW HAMPSHIRE,DEMOCRAT,REPUBLICAN,"CLINTON, BILL","BUSH, GEORGE H.W.",209040,202484,537215,38.91179509135077,38.91179509135077,37.69142708226688
234,1992,NEW JERSEY,DEMOCRAT,REPUBLICAN,"CLINTON, BILL","BUSH, GEORGE H.W.",1436206,1356865,3343594,42.953959123027495,42.953959123027495,40.58103346279482
235,1992,NEW MEXICO,DEMOCRAT,REPUBLICAN,"CLINTON, BILL","BUSH, GEORGE H.W.",261617,212824,569986,45.89884663833848,45.89884663833848,37.338460944654784
236,1992,NEW YORK,DEMOCRAT,REPUBLICAN,"CLINTON, BILL","BUSH, GEORGE H.W.",3346894,2041690,7079432,47.276306912757974,47.276306912757974,28.839743075433173
237,1992,NORTH CAROLINA,DEMOCRAT,REPUBLICAN,"CLINTON, BILL","BUSH, GEORGE H.W.",1114042,1134661,2611850,42.653368302161304,42.653368302161304,43.442808737102055
238,1992,NORTH DAKOTA,DEMOCRAT,REPUBLICAN,"CLINTON, BILL","BUSH, GEORGE H.W.",99168,136244,308133,32.18350517471352,32.18350517471352,44.2159716745691
239,1992,OHIO,DEMOCRAT,REPUBLICAN,"CLINTON, BILL","BUSH, GEORGE H.W.",1984942,1894310,4939967,40.181280563210244,40.181280563210244,38.3466124368847
240,1992,OKLAHOMA,DEMOCRAT,REPUBLICAN,"CLINTON, BILL","BUSH, GEORGE H.W.",473066,592929,1390359,34.02473749585539,34.02473749585539,42.64574832830945
241,1992,OREGON,DEMOCRAT,REPUBLICAN,"CLINTON, BILL","BUSH, GEORGE H.W.",621314,475757,1462643,42.47885505895834,42.47885505895834,32.52721272381572
242,1992,PENNSYLVANIA,DEMOCRAT,REPUBLICAN,"CLINTON, BILL","BUSH, GEORGE H.W.",2239164,1791841,4959810,45.146164873251195,45.146164873251195,36.12721051814485
243,1992,RHODE ISLAND,DEMOCRAT,REPUBLICAN,"CLINTON, BILL","BUSH, GEORGE H.W.",213299,131601,453365,47.047963561368874,47.047963561368874,29.027604689378318
244,1992,SOUTH CAROLINA,DEMOCRAT,REPUBLICAN,"CLINTON, BILL","BUSH, GEORGE H.W.",525514,577507,1228912,42.76254117463252,42.76254117463252,46.993356725298476
245,1992,SOUTH DAKOTA,DEMOCRAT,REPUBLICAN,"CLINTON, BILL","BUSH, GEORGE H.W.",124888,136718,336254,37.14097081373009,37.14097081373009,40.65914457523182
246,1992,TENNESSEE,DEMOCRAT,REPUBLICAN,"CLINTON, BILL","BUSH, GEORGE H.W.",933521,841300,1982638,47.084793088803906,47.084793088803906,42.43336403317197
247,1992,TEXAS,DEMOCRAT,REPUBLICAN,"CLINTON, BILL","BUSH, GEORGE H.W.",2281815,2496071,6154018,37.07845833405102,37.07845833405102,40.560021111410464
248,1992,UTAH,DEMOCRAT,REPUBLICAN,"CLINTON, BILL","BUSH, GEORGE H.W.",183429,322632,743998,24.654501759413332,24.654501759413332,43.364632700625535
249,1992,VERMONT,DEMOCRAT,REPUBLICAN,"CLINTON, BILL","BUSH, GEORGE H.W.",133592,88122,289701,46.11375176475055,46.11375176475055,30.418258825478684
250,1992,VIRGINIA,DEMOCRAT,REPUBLICAN,"CLINTON, BILL","BUSH, GEORGE H.W.",1038650,1150517,2559129,40.58607440265809,40.58607440265809,44.95736635394308
251,1992,WASHINGTON,DEMOCRAT,REPUBLICAN,"CLINTON, BILL","BUSH, GEORGE H.W.",993037,731234,2287565,43.41022003746342,43.41022003746342,31.965605348919045
252,1992,WEST VIRGINIA,DEMOCRAT,REPUBLICAN,"CLINTON, BILL","BUSH, GEORGE H.W.",331001,241974,683677,48.41482161898089,48.41482161898089,35.393029164356854
253,1992,WISCONSIN,DEMOCRAT,REPUBLICAN,"CLINTON, BILL","BUSH, GEORGE H.W.",1041066,930855,2531064,41.13155574098482,41.13155574098482,36.77722096319967
254,1992,WYOMING,DEMOCRAT,REPUBLICAN,"CLINTON, BILL","BUSH, GEORGE H.W.",68160,79347,199884,34.09977787116528,34.09977787116528,39.69652398391067
255,1996,ALABAMA,DEMOCRAT,REPUBLICAN,"CLINTON, BILL","DOLE, ROBERT",662165,769044,1534349,43.15608769582409,43.15608769582409,50.121843205163884
256,1996,ALASKA,DEMOCRAT,REPUBLICAN,"CLINTON, BILL","DOLE, ROBERT",80380,122746,241620,33.26711364953233,33.26711364953233,50.80125817399222
257,1996,ARIZONA,DEMOCRAT,REPUBLICAN,"CLINTON, BILL","DOLE, ROBERT",653288,622073,1404405,46.517065946076805,46.517065946076805,44.29441649666585
258,1996,ARKANSAS,DEMOCRAT,REPUBLICAN,"CLINTON, BILL","DOLE, ROBERT",475171,325416,884262,53.73644915194817,53.73644915194817,36.800857664357395
259,1996,CALIFORNIA,DEMOCRAT,REPUBLICAN,"CLINTON, BILL","DOLE, ROBERT",5119835,3828381,10019469,51.09886561852729,51.09886561852729,38.20942008004616
260,1996,COLORADO,DEMOCRAT,REPUBLICAN,"CLINTON, BILL","DOLE, ROBERT",671152,691848,1510702,44.42649840934877,44.42649840934877,45.7964575409313
261,1996,CONNECTICUT,DEMOCRAT,REPUBLICAN,"CLINTON, BILL","DOLE, ROBERT",735740,483109,1392614,52.83158147196567,52.83158147196567,34.69080448710123
262,1996,DELAWARE,DEMOCRAT,REPUBLICAN,"CLINTON, BILL","DOLE, ROBERT",140355,99062,270810,51.82784978398139,51.82784978398139,36.579889959750375
263,1996,DISTRICT OF COLUMBIA,DEMOCRAT,REPUBLICAN,"CLINTON, BILL","DOLE, ROBERT",158220,17339,185726,85.19001109160807,85.19001109160807,9.335795742114728
264,1996,FLORIDA,DEMOCRAT,REPUBLICAN,"CLINTON, BILL","DOLE, ROBERT",2546870,2244536,5303154,48.02557119781926,48.02557119781926,42.324548749668594
265,1996,GEORGIA,DEMOCRAT,REPUBLICAN,"CLINTON, BILL","DOLE, ROBERT",1053849,1080843,2298899,45.84146584952188,45.84146584952188,47.015680114698384
266,1996,HAWAII,DEMOCRAT,REPUBLICAN,"CLINTON, BILL","DOLE, ROBERT",205012,113943,360120,56.92880151060757,56.92880151060757,31.64028657114295
267,1996,IDAHO,DEMOCRAT,REPUBLICAN,"CLINTON, BILL","DOLE, ROBERT",165443,256595,491711,33.646389850949035,33.646389850949035,52.184108144824904
268,1996,ILLINOIS,DEMOCRAT,REPUBLICAN,"CLINTON, BILL","DOLE, ROBERT",2341744,1587021,4311391,54.31527783028726,54.31527783028726,36.80995298269166
269,1996,INDIANA,DEMOCRAT,REPUBLICAN,"CLINTON, BILL","DOLE, ROBERT",887424,1006693,2135431,41.557137645749265,41.557137645749265,47.142380156511734
270,1996,IOWA,DEMOCRAT,REPUBLICAN,"CLINTON, BILL","DOLE, ROBERT",620258,492644,1234075,50.26096469015254,50.26096469015254,39.920102100763735
271,1996,KANSAS,DEMOCRAT,REPUBLICAN,"CLINTON, BILL","DOLE, ROBERT",387659,583245,1074300,36.084799404263244,36.084799404263244,54.2907009215303
272,1996,KENTUCKY,DEMOCRAT,REPUBLICAN,"CLINTON, BILL","DOLE, ROBERT",636614,623283,1388708,45.84217848532593,45.84217848532593,44.88222146052302
273,1996,LOUISIANA,DEMOCRAT,REPUBLICAN,"CLINTON, BILL","DOLE, ROBERT",927837,712586,1783959,52.00999574541791,52.00999574541791,39.94407943231879
274,1996,MAINE,DEMOCRAT,REPUBLICAN,"CLINTON, BILL","DOLE, ROBERT",312788,186378,605897,51.62395588689167,51.62395588689167,30.76067384390416
275,1996,MARYLAND,DEMOCRAT,REPUBLICAN,"CLINTON, BILL","DOLE, ROBERT",966207,681530,1780870,54.254774351861734,54.254774351861734,38.269497492798465
276,1996,MASSACHUSETTS,DEMOCRAT,REPUBLICAN,"CLINTON, BILL","DOLE, ROBERT",1571509,718058,2556459,61.4720987115381,61.4720987115381,28.087992023341663
277,1996,MICHIGAN,DEMOCRAT,REPUBLICAN,"CLINTON, BILL","DOLE, ROBERT",1989653,1481212,3848844,51.69482057469723,51.69482057469723,38.48459433533809
278,1996,MINNESOTA,DEMOCRAT,REPUBLICAN,"CLINTON, BILL","DOLE, ROBERT",1120380,766395,2192492,51.10075658200805,51.10075658200805,34.95542971194422
279,1996,MISSISSIPPI,DEMOCRAT,REPUBLICAN,"CLINTON, BILL","DOLE, ROBERT",394022,439838,893857,44.08110022072882,44.08110022072882,49.20675231049262
280,1996,MISSOURI,DEMOCRAT,REPUBLICAN,"CLINTON, BILL","DOLE, ROBERT",1025935,890016,2158065,47.53957827961623,47.53957827961623,41.241389856190615
281,1996,MONTANA,DEMOCRAT,REPUBLICAN,"CLINTON, BILL","DOLE, ROBERT",167922,179652,407083,41.250064483164365,41.250064483164365,44.131540742305624
282,1996,NEBRASKA,DEMOCRAT,REPUBLICAN,"CLINTON, BILL","DOLE, ROBERT",236761,363467,677415,34.95065801613487,34.95065801613487,53.65499730593506
283,1996,NEVADA,DEMOCRAT,REPUBLICAN,"CLINTON, BILL","DOLE, ROBERT",203974,199244,464279,43.933496884416485,43.933496884416485,42.91471292046377
284,1996,NEW HAMPSHIRE,DEMOCRAT,REPUBLICAN,"CLINTON, BILL","DOLE, ROBERT",246166,196486,496597,49.57057734944029,49.57057734944029,39.5664895277257
285,1996,NEW JERSEY,DEMOCRAT,REPUBLICAN,"CLINTON, BILL","DOLE, ROBERT",1652361,1103099,3075860,53.72029286118354,53.72029286118354,35.863108203884444
286,1996,NEW MEXICO,DEMOCRAT,REPUBLICAN,"CLINTON, BILL","DOLE, ROBERT",273495,232751,556074,49.18320223567367,49.18320223567367,41.85611986893831
287,1996,NEW YORK,DEMOCRAT,REPUBLICAN,"CLINTON, BILL","DOLE, ROBERT",3649630,1738707,6439129,56.678939030418555,56.678939030418555,27.002207907311686
288,1996,NORTH CAROLINA,DEMOCRAT,REPUBLICAN,"CLINTON, BILL","DOLE, ROBERT",1107849,1225938,2515807,44.03553213740164,44.03553213740164,48.72941366328975
289,1996,NORTH DAKOTA,DEMOCRAT,REPUBLICAN,"CLINTON, BILL","DOLE, ROBERT",106905,125050,266411,40.127847573861445,40.127847573861445,46.938752528987166
290,1996,OHIO,DEMOCRAT,REPUBLICAN,"CLINTON, BILL","DOLE, ROBERT",2148222,1859883,4534434,47.37574744720069,47.37574744720069,41.016872227051934
291,1996,OKLAHOMA,DEMOCRAT,REPUBLICAN,"CLINTON, BILL","DOLE, ROBERT",488105,582315,1206713,40.44913745024707,40.44913745024707,48.256296236139
292,1996,OREGON,DEMOCRAT,REPUBLICAN,"CLINTON, BILL","DOLE, ROBERT",649641,538152,1377760,47.151971315758914,47.151971315758914,39.059923353849726
293,1996,PENNSYLVANIA,DEMOCRAT,REPUBLICAN,"CLINTON, BILL","DOLE, ROBERT",2215819,1801169,4501307,49.226124767761895,49.226124767761895,40.014355830428805
294,1996,RHODE ISLAND,DEMOCRAT,REPUBLICAN,"CLINTON, BILL","DOLE, ROBERT",233050,104683,390247,59.71858848370392,59.71858848370392,26.824805828103738
295,1996,SOUTH CAROLINA,DEMOCRAT,REPUBLICAN,"CLINTON, BILL","DOLE, ROBERT",506152,573339,1150182,44.006252923450376,44.006252923450376,49.8476762807973
296,1996,SOUTH DAKOTA,DEMOCRAT,REPUBLICAN,"CLINTON, BILL","DOLE, ROBERT",139333,150543,323826,43.02711950244885,43.02711950244885,46.48885512590095
297,1996,TENNESSEE,DEMOCRAT,REPUBLICAN,"CLINTON, BILL","DOLE, ROBERT",909146,863530,1894105,47.998711792640854,47.998711792640854,45.59039757563599
298,1996,TEXAS,DEMOCRAT,REPUBLICAN,"CLINTON, BILL","DOLE, ROBERT",2459683,2736167,5611644,43.83177193706514,43.83177193706514,48.7587416450509
299,1996,UTAH,DEMOCRAT,REPUBLICAN,"CLINTON, BILL","DOLE, ROBERT",221633,361911,665629,33.29677643251721,33.29677643251721,54.37127889560101
300,1996,VERMONT,DEMOCRAT,REPUBLICAN,"CLINTON, BILL","DOLE, ROBERT",137894,80352,258449,53.35443356329489,53.35443356329489,31.090079667555305
301,1996,VIRGINIA,DEMOCRAT,REPUBLICAN,"CLINTON, BILL","DOLE, ROBERT",1091060,1138350,2416642,45.14777116345739,45.14777116345739,47.1046187230049
302,1996,WASHINGTON,DEMOCRAT,REPUBLICAN,"CLINTON, BILL","DOLE, ROBERT",1123323,840712,2253837,49.840472048333574,49.840472048333574,37.30136651408243
303,1996,WEST VIRGINIA,DEMOCRAT,REPUBLICAN,"CLINTON, BILL","DOLE, ROBERT",327812,233946,636459,51.505595804285896,51.505595804285896,36.75743449303097
304,1996,WISCONSIN,DEMOCRAT,REPUBLICAN,"CLINTON, BILL","DOLE, ROBERT",1071971,845029,2196169,48.810952162606796,48.810952162606796,38.47741225743556
305,1996,WYOMING,DEMOCRAT,REPUBLICAN,"CLINTON, BILL","DOLE, ROBERT",77934,105388,211571,36.83586124752447,36.83586124752447,49.81211980848037
306,2000,ALABAMA,DEMOCRAT,REPUBLICAN,"GORE, AL","BUSH, GEORGE W.",692611,941173,1666272,41.56650294789806,41.56650294789806,56.483755353267654
307,2000,ALASKA,DEMOCRAT,REPUBLICAN,"GORE, AL","BUSH, GEORGE W.",79004,167398,285560,27.666339823504693,27.666339823504693,58.620955315870575
308,2000,ARIZONA,DEMOCRAT,REPUBLICAN,"GORE, AL","BUSH, GEORGE W.",685341,781652,1532016,44.73458501738885,44.73458501738885,51.02113816043696
309,2000,ARKANSAS,DEMOCRAT,REPUBLICAN,"GORE, AL","BUSH, GEORGE W.",422768,472940,921781,45.86425626043496,45.86425626043496,51.30719769663293
310,2000,CALIFORNIA,DEMOCRAT,REPUBLICAN,"GORE, AL","BUSH, GEORGE W.",5861203,4567429,10965822,53.44973682775446,53.44973682775446,41.651496805255455
311,2000,COLORADO,DEMOCRAT,REPUBLICAN,"GORE, AL","BUSH, GEORGE W.",738227,883748,1741368,42.39350901130605,42.39350901130605,50.7502147736722
312,2000,CONNECTICUT,DEMOCRAT,REPUBLICAN,"GORE, AL","BUSH, GEORGE W.",816015,561094,1459525,55.909628132440346,55.909628132440346,38.4436032270773
313,2000,DELAWARE,DEMOCRAT,REPUBLICAN,"GORE, AL","BUSH, GEORGE W.",180068,137288,327529,54.977727163090904,54.977727163090904,41.91628832866708
314,2000,DISTRICT OF COLUMBIA,DEMOCRAT,REPUBLICAN,"GORE, AL","BUSH, GEORGE W.",171923,18073,201894,85.15508137933767,85.15508137933767,8.951727143946824
315,2000,FLORIDA,DEMOCRAT,REPUBLICAN,"GORE, AL","BUSH, GEORGE W.",2912253,2912790,5963110,48.837821204036146,48.837821204036146,48.84682657204043
316,2000,GEORGIA,DEMOCRAT,REPUBLICAN,"GORE, AL","BUSH, GEORGE W.",1116230,1419720,2583208,43.21099965624139,43.21099965624139,54.95956965137921
317,2000,HAWAII,DEMOCRAT,REPUBLICAN,"GORE, AL","BUSH, GEORGE W.",205286,137845,367951,55.791667912303545,55.791667912303545,37.46286869719066
318,2000,IDAHO,DEMOCRAT,REPUBLICAN,"GORE, AL","BUSH, GEORGE W.",138637,336937,501615,27.638128843834416,27.638128843834416,67.17043948047807
319,2000,ILLINOIS,DEMOCRAT,REPUBLICAN,"GORE, AL","BUSH, GEORGE W.",2589026,2019421,4742108,54.59652120955491,54.59652120955491,42.58487997321023
320,2000,INDIANA,DEMOCRAT,REPUBLICAN,"GORE, AL","BUSH, GEORGE W.",901980,1245836,2199302,41.012102930838964,41.012102930838964,56.6468816015263
321,2000,IOWA,DEMOCRAT,REPUBLICAN,"GORE, AL","BUSH, GEORGE W.",638517,634373,1353022,47.19191557860848,47.19191557860848,46.88563822317745
322,2000,KANSAS,DEMOCRAT,REPUBLICAN,"GORE, AL","BUSH, GEORGE W.",399276,622332,1072216,37.23839226424526,37.23839226424526,58.0416632469577
323,2000,KENTUCKY,DEMOCRAT,REPUBLICAN,"GORE, AL","BUSH, GEORGE W.",638923,872520,1544106,41.37818258591055,41.37818258591055,56.5064833631888
324,2000,LOUISIANA,DEMOCRAT,REPUBLICAN,"GORE, AL","BUSH, GEORGE W.",792344,927871,1765656,44.87533245433992,44.87533245433992,52.551063174253656
325,2000,MAINE,DEMOCRAT,REPUBLICAN,"GORE, AL","BUSH, GEORGE W.",319951,286616,651817,49.08601647394898,49.08601647394898,43.971850994987854
326,2000,MARYLAND,DEMOCRAT,REPUBLICAN,"GORE, AL","BUSH, GEORGE W.",1144008,813827,2025212,56.488308384504926,56.488308384504926,40.18478065506228
327,2000,MASSACHUSETTS,DEMOCRAT,REPUBLICAN,"GORE, AL","BUSH, GEORGE W.",1616487,878502,2733964,59.12612602067912,59.12612602067912,32.13290299360197
328,2000,MICHIGAN,DEMOCRAT,REPUBLICAN,"GORE, AL","BUSH, GEORGE W.",2170418,1953139,4232501,51.27979887069135,51.27979887069135,46.14621473214064
329,2000,MINNESOTA,DEMOCRAT,REPUBLICAN,"GORE, AL","BUSH, GEORGE W.",1168266,1109659,2438685,47.9055720603522,47.9055720603522,45.502350652093234
330,2000,MISSISSIPPI,DEMOCRAT,REPUBLICAN,"GORE, AL","BUSH, GEORGE W.",404614,572844,994184,40.69810015047516,40.69810015047516,57.61951509982056
331,2000,MISSOURI,DEMOCRAT,REPUBLICAN,"GORE, AL","BUSH, GEORGE W.",1111138,1189924,2359892,47.08427334810237,47.08427334810237,50.42281595937441
332,2000,MONTANA,DEMOCRAT,REPUBLICAN,"GORE, AL","BUSH, GEORGE W.",137126,240178,410986,33.36512679264014,33.36512679264014,58.4394602249225
333,2000,NEBRASKA,DEMOCRAT,REPUBLICAN,"GORE, AL","BUSH, GEORGE W.",231780,433862,697019,33.25303901328371,33.25303901328371,62.245362034607375
334,2000,NEVADA,DEMOCRAT,REPUBLICAN,"GORE, AL","BUSH, GEORGE W.",279978,301575,609426,45.94126276200884,45.94126276200884,49.485089247915255
335,2000,NEW HAMPSHIRE,DEMOCRAT,REPUBLICAN,"GORE, AL","BUSH, GEORGE W.",266348,273559,569081,46.80317916078731,46.80317916078731,48.07030985044308
336,2000,NEW JERSEY,DEMOCRAT,REPUBLICAN,"GORE, AL","BUSH, GEORGE W.",1788850,1284173,3187226,56.12560891508792,56.12560891508792,40.29124385907997
337,2000,NEW MEXICO,DEMOCRAT,REPUBLICAN,"GORE, AL","BUSH, GEORGE W.",286783,286417,598605,47.908554054844174,47.908554054844174,47.84741189933261
338,2000,NEW YORK,DEMOCRAT,REPUBLICAN,"GORE, AL","BUSH, GEORGE W.",3942215,2258577,6960215,56.639270482305506,56.639270482305506,32.44981656457451
339,2000,NORTH CAROLINA,DEMOCRAT,REPUBLICAN,"GORE, AL","BUSH, GEORGE W.",1257692,1631163,2914990,43.14567116868325,43.14567116868325,55.9577562873286
340,2000,NORTH DAKOTA,DEMOCRAT,REPUBLICAN,"GORE, AL","BUSH, GEORGE W.",95284,174852,288256,33.05533969804618,33.05533969804618,60.65858126110124
341,2000,OHIO,DEMOCRAT,REPUBLICAN,"GORE, AL","BUSH, GEORGE W.",2183628,2350363,4701998,46.440428090356484,46.440428090356484,49.98647383516539
342,2000,OKLAHOMA,DEMOCRAT,REPUBLICAN,"GORE, AL","BUSH, GEORGE W.",474276,744337,1234229,38.426904569573395,38.426904569573395,60.307852108482294
343,2000,OREGON,DEMOCRAT,REPUBLICAN,"GORE, AL","BUSH, GEORGE W.",720342,713577,1533950,46.95994002412073,46.95994002412073,46.51892173799668
344,2000,PENNSYLVANIA,DEMOCRAT,REPUBLICAN,"GORE, AL","BUSH, GEORGE W.",2485967,2281127,4912185,50.60817131276612,50.60817131276612,46.43813292862545
345,2000,RHODE ISLAND,DEMOCRAT,REPUBLICAN,"GORE, AL","BUSH, GEORGE W.",249508,130555,409112,60.9877001896791,60.9877001896791,31.911799213907194
346,2000,SOUTH CAROLINA,DEMOCRAT,REPUBLICAN,"GORE, AL","BUSH, GEORGE W.",566037,786892,1383902,40.9015233737649,40.9015233737649,56.86038462261056
347,2000,SOUTH DAKOTA,DEMOCRAT,REPUBLICAN,"GORE, AL","BUSH, GEORGE W.",118804,190700,316269,37.56422539041132,37.56422539041132,60.29677268401266
348,2000,TENNESSEE,DEMOCRAT,REPUBLICAN,"GORE, AL","BUSH, GEORGE W.",981720,1061949,2076181,47.28489471775341,47.28489471775341,51.14915318076796
349,2000,TEXAS,DEMOCRAT,REPUBLICAN,"GORE, AL","BUSH, GEORGE W.",2433746,3799639,6407637,37.981958091571045,37.981958091571045,59.298599468103454
350,2000,UTAH,DEMOCRAT,REPUBLICAN,"GORE, AL","BUSH, GEORGE W.",203053,515096,770754,26.344722181136916,26.344722181136916,66.83014295092858
351,2000,VERMONT,DEMOCRAT,REPUBLICAN,"GORE, AL","BUSH, GEORGE W.",149022,119775,294308,50.63470921619528,50.63470921619528,40.697160797531836
352,2000,VIRGINIA,DEMOCRAT,REPUBLICAN,"GORE, AL","BUSH, GEORGE W.",1217290,1437490,2739447,44.43561054475593,44.43561054475593,52.47372918694905
353,2000,WASHINGTON,DEMOCRAT,REPUBLICAN,"GORE, AL","BUSH, GEORGE W.",1247652,1108864,2487433,50.158215316754266,50.158215316754266,44.5786479475025
354,2000,WEST VIRGINIA,DEMOCRAT,REPUBLICAN,"GORE, AL","BUSH, GEORGE W.",295497,336475,648124,45.59266436669526,45.59266436669526,51.91521992705099
355,2000,WISCONSIN,DEMOCRAT,REPUBLICAN,"GORE, AL","BUSH, GEORGE W.",1242987,1237279,2598607,47.832819660687434,47.832819660687434,47.613163514144304
356,2000,WYOMING,DEMOCRAT,REPUBLICAN,"GORE, AL","BUSH, GEORGE W.",60481,147947,213726,28.298382040556604,28.298382040556604,69.22274313841086
357,2004,ALABAMA,DEMOCRAT,REPUBLICAN,"KERRY, JOHN","BUSH, GEORGE W.",693933,1176394,1883415,36.84440232237717,36.84440232237717,62.46068975770077
358,2004,ALASKA,DEMOCRAT,REPUBLICAN,"KERRY, JOHN","BUSH, GEORGE W.",111025,190889,312598,35.51686191210436,35.51686191210436,61.065329912539426
359,2004,ARIZONA,DEMOCRAT,REPUBLICAN,"KERRY, JOHN","BUSH, GEORGE W.",893524,1104294,2012585,44.396832928795554,44.396832928795554,54.869434086013754
360,2004,ARKANSAS,DEMOCRAT,REPUBLICAN,"KERRY, JOHN","BUSH, GEORGE W.",469953,572898,1054945,44.547630445189085,44.547630445189085,54.30595907843537
361,2004,CALIFORNIA,DEMOCRAT,REPUBLICAN,"KERRY, JOHN","BUSH, GEORGE W.",6745485,5509826,12421353,54.305557534674364,54.305557534674364,44.357695977241775
362,2004,COLORADO,DEMOCRAT,REPUBLICAN,"KERRY, JOHN","BUSH, GEORGE W.",1001732,1101255,2129630,47.0378422542883,47.0378422542883,51.7110953545921
363,2004,CONNECTICUT,DEMOCRAT,REPUBLICAN,"KERRY, JOHN","BUSH, GEORGE W.",857488,693826,1578769,54.3137089719902,54.3137089719902,43.94727791082799
364,2004,DELAWARE,DEMOCRAT,REPUBLICAN,"KERRY, JOHN","BUSH, GEORGE W.",200152,171660,375190,53.34683760228152,53.34683760228152,45.75281857192356
365,2004,DISTRICT OF COLUMBIA,DEMOCRAT,REPUBLICAN,"KERRY, JOHN","BUSH, GEORGE W.",202970,21256,227586,89.18386895503238,89.18386895503238,9.339766066454
366,2004,FLORIDA,DEMOCRAT,REPUBLICAN,"KERRY, JOHN","BUSH, GEORGE W.",3583544,3964522,7609810,47.09111002771423,47.09111002771423,52.09751623233695
367,2004,GEORGIA,DEMOCRAT,REPUBLICAN,"KERRY, JOHN","BUSH, GEORGE W.",1366149,1914254,3301875,41.374946053378764,41.374946053378764,57.974756766988456
368,2004,HAWAII,DEMOCRAT,REPUBLICAN,"KERRY, JOHN","BUSH, GEORGE W.",231708,194191,429013,54.00955215809311,54.00955215809311,45.26459571155186
369,2004,IDAHO,DEMOCRAT,REPUBLICAN,"KERRY, JOHN","BUSH, GEORGE W.",181098,409235,598376,30.264917042127358,30.264917042127358,68.39094482399027
370,2004,ILLINOIS,DEMOCRAT,REPUBLICAN,"KERRY, JOHN","BUSH, GEORGE W.",2891550,2345946,5274322,54.82316020902781,54.82316020902781,44.47862682634849
371,2004,INDIANA,DEMOCRAT,REPUBLICAN,"KERRY, JOHN","BUSH, GEORGE W.",969011,1479438,2468002,39.26297466533658,39.26297466533658,59.944765036657174
372,2004,IOWA,DEMOCRAT,REPUBLICAN,"KERRY, JOHN","BUSH, GEORGE W.",741898,751957,1506908,49.23313168421695,49.23313168421695,49.90065750530225
373,2004,KANSAS,DEMOCRAT,REPUBLICAN,"KERRY, JOHN","BUSH, GEORGE W.",434993,736456,1187756,36.62309430556444,36.62309430556444,62.003980615547306
374,2004,KENTUCKY,DEMOCRAT,REPUBLICAN,"KERRY, JOHN","BUSH, GEORGE W.",712733,1069439,1795882,39.68707298140969,39.68707298140969,59.54951383220055
375,2004,LOUISIANA,DEMOCRAT,REPUBLICAN,"KERRY, JOHN","BUSH, GEORGE W.",820299,1102169,1943106,42.21586470321228,42.21586470321228,56.72202134108999
376,2004,MAINE,DEMOCRAT,REPUBLICAN,"KERRY, JOHN","BUSH, GEORGE W.",396842,330201,740752,53.57285569259347,53.57285569259347,44.57645743784695
377,2004,MARYLAND,DEMOCRAT,REPUBLICAN,"KERRY, JOHN","BUSH, GEORGE W.",1334493,1024703,2384238,55.97146761355201,55.97146761355201,42.97821777859425
378,2004,MARYLAND,DEMOCRAT,REPUBLICAN,OTHER,"BUSH, GEORGE W.",7,1024703,2384238,0.00029359485084962155,0.00029359485084962155,42.97821777859425
379,2004,MASSACHUSETTS,DEMOCRAT,REPUBLICAN,"KERRY, JOHN","BUSH, GEORGE W.",1803800,1071109,2927455,61.6166602048537,61.6166602048537,36.58840187124994
380,2004,MICHIGAN,DEMOCRAT,REPUBLICAN,"KERRY, JOHN","BUSH, GEORGE W.",2479183,2313746,4839252,51.23070672905647,51.23070672905647,47.812058557810175
381,2004,MINNESOTA,DEMOCRAT,REPUBLICAN,"KERRY, JOHN","BUSH, GEORGE W.",1445014,1346695,2828387,51.08968468600654,51.08968468600654,47.613533791521455
382,2004,MISSISSIPPI,DEMOCRAT,REPUBLICAN,"KERRY, JOHN","BUSH, GEORGE W.",457766,672660,1139824,40.16111259282135,40.16111259282135,59.01437414899142
383,2004,MISSOURI,DEMOCRAT,REPUBLICAN,"KERRY, JOHN","BUSH, GEORGE W.",1259171,1455713,2731364,46.10044651683188,46.10044651683188,53.29619193926551
384,2004,MONTANA,DEMOCRAT,REPUBLICAN,"KERRY, JOHN","BUSH, GEORGE W.",173710,266063,450434,38.56502839483698,38.56502839483698,59.06814316858851
385,2004,NEBRASKA,DEMOCRAT,REPUBLICAN,"KERRY, JOHN","BUSH, GEORGE W.",254328,512814,778186,32.682160820163816,32.682160820163816,65.89864119889074
386,2004,NEVADA,DEMOCRAT,REPUBLICAN,"KERRY, JOHN","BUSH, GEORGE W.",397190,418690,829587,47.87804051895702,47.87804051895702,50.4696915453111
387,2004,NEW HAMPSHIRE,DEMOCRAT,REPUBLICAN,"KERRY, JOHN","BUSH, GEORGE W.",340511,331237,678287,50.201610822557406,50.201610822557406,48.83434298460681
388,2004,NEW JERSEY,DEMOCRAT,REPUBLICAN,"KERRY, JOHN","BUSH, GEORGE W.",1911430,1670003,3611691,52.92340900702746,52.92340900702746,46.23881168128724
389,2004,NEW MEXICO,DEMOCRAT,REPUBLICAN,"KERRY, JOHN","BUSH, GEORGE W.",370942,376930,756304,49.0466796420487,49.0466796420487,49.8384247604138
390,2004,NEW YORK,DEMOCRAT,REPUBLICAN,"KERRY, JOHN","BUSH, GEORGE W.",4180755,2806993,7448266,56.13058126549186,56.13058126549186,37.6865299923499
391,2004,NORTH CAROLINA,DEMOCRAT,REPUBLICAN,"KERRY, JOHN","BUSH, GEORGE W.",1525849,1961166,3501007,43.5831462205017,43.5831462205017,56.01719733779452
392,2004,NORTH DAKOTA,DEMOCRAT,REPUBLICAN,"KERRY, JOHN","BUSH, GEORGE W.",111052,196651,312833,35.49881246543683,35.49881246543683,62.86133496146506
393,2004,OHIO,DEMOCRAT,REPUBLICAN,"KERRY, JOHN","BUSH, GEORGE W.",2741165,2859764,5627903,48.70668524315362,48.70668524315362,50.814024335529595
394,2004,OKLAHOMA,DEMOCRAT,REPUBLICAN,"KERRY, JOHN","BUSH, GEORGE W.",503966,959792,1463758,34.42959833524394,34.42959833524394,65.57040166475606
395,2004,OREGON,DEMOCRAT,REPUBLICAN,"KERRY, JOHN","BUSH, GEORGE W.",943163,866831,1836782,51.348663042211875,51.348663042211875,47.19291674243323
396,2004,PENNSYLVANIA,DEMOCRAT,REPUBLICAN,"KERRY, JOHN","BUSH, GEORGE W.",2938095,2793847,5769590,50.923809144150624,50.923809144150624,48.4236661530542
397,2004,RHODE ISLAND,DEMOCRAT,REPUBLICAN,"KERRY, JOHN","BUSH, GEORGE W.",259760,169046,437134,59.42342622628301,59.42342622628301,38.67143713369356
398,2004,SOUTH CAROLINA,DEMOCRAT,REPUBLICAN,"KERRY, JOHN","BUSH, GEORGE W.",661669,937974,1617700,40.90183593991469,40.90183593991469,57.98194968164678
399,2004,SOUTH DAKOTA,DEMOCRAT,REPUBLICAN,"KERRY, JOHN","BUSH, GEORGE W.",149244,232584,388215,38.443645917854795,38.443645917854795,59.91113171824891
400,2004,TENNESSEE,DEMOCRAT,REPUBLICAN,"KERRY, JOHN","BUSH, GEORGE W.",1036477,1384375,2437319,42.52529110879618,42.52529110879618,56.799089491363254
401,2004,TEXAS,DEMOCRAT,REPUBLICAN,"KERRY, JOHN","BUSH, GEORGE W.",2832704,4526917,7410749,38.22426046274135,38.22426046274135,61.08582276906154
402,2004,UTAH,DEMOCRAT,REPUBLICAN,"KERRY, JOHN","BUSH, GEORGE W.",241199,663742,927844,25.995641508701894,25.995641508701894,71.53594785330293
403,2004,VERMONT,DEMOCRAT,REPUBLICAN,"KERRY, JOHN","BUSH, GEORGE W.",184067,121180,312309,58.93746257712714,58.93746257712714,38.801315363950444
404,2004,VIRGINIA,DEMOCRAT,REPUBLICAN,"KERRY, JOHN","BUSH, GEORGE W.",1454742,1716959,3195415,45.525917603816715,45.525917603816715,53.731956569021555
405,2004,WASHINGTON,DEMOCRAT,REPUBLICAN,"KERRY, JOHN","BUSH, GEORGE W.",1510201,1304894,2859084,52.82114831183694,52.82114831183694,45.64028199241436
406,2004,WEST VIRGINIA,DEMOCRAT,REPUBLICAN,"KERRY, JOHN","BUSH, GEORGE W.",326541,423778,755792,43.205141097021404,43.205141097021404,56.07071786946673
407,2004,WISCONSIN,DEMOCRAT,REPUBLICAN,"KERRY, JOHN","BUSH, GEORGE W.",1489504,1478120,2997007,49.69971708441122,49.69971708441122,49.31987145842503
408,2004,WYOMING,DEMOCRAT,REPUBLICAN,"KERRY, JOHN","BUSH, GEORGE W.",70776,167629,243861,29.023091023164838,29.023091023164838,68.73956885274808
409,2008,ALABAMA,DEMOCRAT,REPUBLICAN,"OBAMA, BARACK H.","MCCAIN, JOHN",813479,1266546,2099819,38.74043429457492,38.74043429457492,60.31691302917061
410,2008,ALASKA,DEMOCRAT,REPUBLICAN,"OBAMA, BARACK H.","MCCAIN, JOHN",123594,193841,326197,37.88937359938932,37.88937359938932,59.42451953880631
411,2008,ARIZONA,DEMOCRAT,REPUBLICAN,"OBAMA, BARACK H.","MCCAIN, JOHN",1034707,1230111,2293475,45.11525087476428,45.11525087476428,53.63524782262724
412,2008,ARKANSAS,DEMOCRAT,REPUBLICAN,"OBAMA, BARACK H.","MCCAIN, JOHN",422310,638017,1086617,38.86465976512423,38.86465976512423,58.71590449992959
413,2008,CALIFORNIA,DEMOCRAT,REPUBLICAN,"OBAMA, BARACK H.","MCCAIN, JOHN",8274473,5011781,13561900,61.01263834713425,61.01263834713425,36.954858832464474
414,2008,COLORADO,DEMOCRAT,REPUBLICAN,"OBAMA, BARACK H.","MCCAIN, JOHN",1288576,1073589,2401361,53.66023684069159,53.66023684069159,44.70752210933716
415,2008,CONNECTICUT,DEMOCRAT,REPUBLICAN,"OBAMA, BARACK H.","MCCAIN, JOHN",997772,629428,1646792,60.58882967612181,60.58882967612181,38.22146330562694
416,2008,DELAWARE,DEMOCRAT,REPUBLICAN,"OBAMA, BARACK H.","MCCAIN, JOHN",255459,152374,412412,61.942668981503935,61.942668981503935,36.94703354897529
417,2008,DISTRICT OF COLUMBIA,DEMOCRAT,REPUBLICAN,"OBAMA, BARACK H.","MCCAIN, JOHN",245800,17367,265853,92.45710975614342,92.45710975614342,6.5325574659680345
418,2008,FLORIDA,DEMOCRAT,REPUBLICAN,"OBAMA, BARACK H.","MCCAIN, JOHN",4282074,4045624,8390744,51.03330527066491,51.03330527066491,48.215319165976226
419,2008,GEORGIA,DEMOCRAT,REPUBLICAN,"OBAMA, BARACK H.","MCCAIN, JOHN",1844123,2048759,3924486,46.99017909606506,46.99017909606506,52.204517992929524
420,2008,HAWAII,DEMOCRAT,REPUBLICAN,"OBAMA, BARACK H.","MCCAIN, JOHN",325871,120566,456064,71.45291011787819,71.45291011787819,26.43620193657031
421,2008,IDAHO,DEMOCRAT,REPUBLICAN,"OBAMA, BARACK H.","MCCAIN, JOHN",236440,403012,655122,36.09098763283785,36.09098763283785,61.51709147303861
422,2008,ILLINOIS,DEMOCRAT,REPUBLICAN,"OBAMA, BARACK H.","MCCAIN, JOHN",3419348,2031179,5522371,61.91811452001323,61.91811452001323,36.7809225421472
423,2008,INDIANA,DEMOCRAT,REPUBLICAN,"OBAMA, BARACK H.","MCCAIN, JOHN",1374039,1345648,2751054,49.94591163968428,49.94591163968428,48.91390717884854
424,2008,IOWA,DEMOCRAT,REPUBLICAN,"OBAMA, BARACK H.","MCCAIN, JOHN",828940,682379,1537123,53.92802007386527,53.92802007386527,44.39325935530208
425,2008,KANSAS,DEMOCRAT,REPUBLICAN,"OBAMA, BARACK H.","MCCAIN, JOHN",514765,699655,1235872,41.651967194013615,41.651967194013615,56.612254343491884
426,2008,KENTUCKY,DEMOCRAT,REPUBLICAN,"OBAMA, BARACK H.","MCCAIN, JOHN",751985,1048462,1826620,41.16811378392879,41.16811378392879,57.39902114287592
427,2008,LOUISIANA,DEMOCRAT,REPUBLICAN,"OBAMA, BARACK H.","MCCAIN, JOHN",782989,1148275,1960761,39.93291380234511,39.93291380234511,58.56272131075638
428,2008,MAINE,DEMOCRAT,REPUBLICAN,"OBAMA, BARACK H.","MCCAIN, JOHN",421923,295273,731163,57.705737297975965,57.705737297975965,40.38401833790823
429,2008,MARYLAND,DEMOCRAT,REPUBLICAN,"OBAMA, BARACK H.","MCCAIN, JOHN",1629467,959862,2631596,61.919344762645935,61.919344762645935,36.4745196451127
430,2008,MASSACHUSETTS,DEMOCRAT,REPUBLICAN,"OBAMA, BARACK H.","MCCAIN, JOHN",1904097,1108854,3102995,61.36319910280229,61.36319910280229,35.734959289331755
431,2008,MICHIGAN,DEMOCRAT,REPUBLICAN,"OBAMA, BARACK H.","MCCAIN, JOHN",2872579,2048639,5001596,57.43324730745945,57.43324730745945,40.959705661952704
432,2008,MINNESOTA,DEMOCRAT,REPUBLICAN,"OBAMA, BARACK H.","MCCAIN, JOHN",1573354,1275409,2910369,54.060292698279845,54.060292698279845,43.822931044139075
433,2008,MISSISSIPPI,DEMOCRAT,REPUBLICAN,"OBAMA, BARACK H.","MCCAIN, JOHN",554662,724597,1289865,43.0015544262384,43.0015544262384,56.1761889810174
434,2008,MISSOURI,DEMOCRAT,REPUBLICAN,"OBAMA, BARACK H.","MCCAIN, JOHN",1441911,1445814,2925205,49.292647865705135,49.292647865705135,49.42607441187882
435,2008,MONTANA,DEMOCRAT,REPUBLICAN,"OBAMA, BARACK H.","MCCAIN, JOHN",231667,242763,490109,47.268464770081756,47.268464770081756,49.5324509445858
436,2008,NEBRASKA,DEMOCRAT,REPUBLICAN,"OBAMA, BARACK H.","MCCAIN, JOHN",333319,452979,801281,41.5982657769247,41.5982657769247,56.53185336979162
437,2008,NEVADA,DEMOCRAT,REPUBLICAN,"OBAMA, BARACK H.","MCCAIN, JOHN",533736,412827,967848,55.1466759243187,55.1466759243187,42.65411510898405
438,2008,NEW HAMPSHIRE,DEMOCRAT,REPUBLICAN,"OBAMA, BARACK H.","MCCAIN, JOHN",384826,316534,710970,54.12689705613458,54.12689705613458,44.521428470962206
439,2008,NEW JERSEY,DEMOCRAT,REPUBLICAN,"OBAMA, BARACK H.","MCCAIN, JOHN",2215422,1613207,3868237,57.27213715188599,57.27213715188599,41.70393385927491
440,2008,NEW MEXICO,DEMOCRAT,REPUBLICAN,"OBAMA, BARACK H.","MCCAIN, JOHN",472422,346832,830158,56.90748026279336,56.90748026279336,41.77903483433274
441,2008,NEW YORK,DEMOCRAT,REPUBLICAN,"OBAMA, BARACK H.","MCCAIN, JOHN",4645332,2418323,7722019,60.15696154075767,60.15696154075767,31.3172371111752
442,2008,NORTH CAROLINA,DEMOCRAT,REPUBLICAN,"OBAMA, BARACK H.","MCCAIN, JOHN",2142651,2128474,4310851,49.70366639904743,49.70366639904743,49.37479861864861
443,2008,NORTH DAKOTA,DEMOCRAT,REPUBLICAN,"OBAMA, BARACK H.","MCCAIN, JOHN",141278,168601,316621,44.62054001471791,44.62054001471791,53.250100277618984
444,2008,OHIO,DEMOCRAT,REPUBLICAN,"OBAMA, BARACK H.","MCCAIN, JOHN",2940044,2677820,5708350,51.50427006052537,51.50427006052537,46.91057836327485
445,2008,OKLAHOMA,DEMOCRAT,REPUBLICAN,"OBAMA, BARACK H.","MCCAIN, JOHN",502496,960165,1462661,34.3549188773065,34.3549188773065,65.64508112269351
446,2008,OREGON,DEMOCRAT,REPUBLICAN,"OBAMA, BARACK H.","MCCAIN, JOHN",1037291,738475,1827864,56.748806256920645,56.748806256920645,40.400981692292206
447,2008,PENNSYLVANIA,DEMOCRAT,REPUBLICAN,"OBAMA, BARACK H.","MCCAIN, JOHN",3276363,2655885,6013272,54.48552801203738,54.48552801203738,44.16705247991443
448,2008,RHODE ISLAND,DEMOCRAT,REPUBLICAN,"OBAMA, BARACK H.","MCCAIN, JOHN",296571,165391,471766,62.86400461245617,62.86400461245617,35.057846474735356
449,2008,SOUTH CAROLINA,DEMOCRAT,REPUBLICAN,"OBAMA, BARACK H.","MCCAIN, JOHN",862449,1034896,1920969,44.89656001736624,44.89656001736624,53.873643978637865
450,2008,SOUTH DAKOTA,DEMOCRAT,REPUBLICAN,"OBAMA, BARACK H.","MCCAIN, JOHN",170924,203054,381975,44.747431114601746,44.747431114601746,53.15897637279927
451,2008,TENNESSEE,DEMOCRAT,REPUBLICAN,"OBAMA, BARACK H.","MCCAIN, JOHN",1087437,1479178,2599749,41.82853806271298,41.82853806271298,56.89695428289423
452,2008,TEXAS,DEMOCRAT,REPUBLICAN,"OBAMA, BARACK H.","MCCAIN, JOHN",3528633,4479328,8077795,43.683121445889626,43.683121445889626,55.45236045232641
453,2008,UTAH,DEMOCRAT,REPUBLICAN,"OBAMA, BARACK H.","MCCAIN, JOHN",327670,596030,952370,34.40574566607516,34.40574566607516,62.583869714501716
454,2008,VERMONT,DEMOCRAT,REPUBLICAN,"OBAMA, BARACK H.","MCCAIN, JOHN",219262,98974,325046,67.45568319560924,67.45568319560924,30.449228724549755
455,2008,VIRGINIA,DEMOCRAT,REPUBLICAN,"OBAMA, BARACK H.","MCCAIN, JOHN",1959532,1725005,3723260,52.62946987317566,52.62946987317566,46.33050069025531
456,2008,WASHINGTON,DEMOCRAT,REPUBLICAN,"OBAMA, BARACK H.","MCCAIN, JOHN",1750848,1229216,3036878,57.65289221364836,57.65289221364836,40.47630494211489
457,2008,WEST VIRGINIA,DEMOCRAT,REPUBLICAN,"OBAMA, BARACK H.","MCCAIN, JOHN",303857,397466,713451,42.58975038229676,42.58975038229676,55.71034310695479
458,2008,WISCONSIN,DEMOCRAT,REPUBLICAN,"OBAMA, BARACK H.","MCCAIN, JOHN",1677211,1262393,2983417,56.21778651794235,56.21778651794235,42.31366248834809
459,2008,WYOMING,DEMOCRAT,REPUBLICAN,"OBAMA, BARACK H.","MCCAIN, JOHN",82868,164958,254904,32.50949377020368,32.50949377020368,64.71377459749553
460,2012,ALABAMA,DEMOCRAT,REPUBLICAN,"OBAMA, BARACK H.","ROMNEY, MITT",795696,1255925,2074338,38.35903309875247,38.35903309875247,60.54582232982282
461,2012,ALASKA,DEMOCRAT,REPUBLICAN,"OBAMA, BARACK H.","ROMNEY, MITT",122640,164676,300495,40.81265911246443,40.81265911246443,54.801577397294466
462,2012,ARIZONA,DEMOCRAT,REPUBLICAN,"OBAMA, BARACK H.","ROMNEY, MITT",1025232,1233654,2299254,44.58976694179938,44.58976694179938,53.654533165974705
463,2012,ARKANSAS,DEMOCRAT,REPUBLICAN,"OBAMA, BARACK H.","ROMNEY, MITT",394409,647744,1069468,36.87899030172011,36.87899030172011,60.566936084109116
464,2012,CALIFORNIA,DEMOCRAT,REPUBLICAN,"OBAMA, BARACK H.","ROMNEY, MITT",7854285,4839958,13038547,60.23895914168964,60.23895914168964,37.1203785207048
465,2012,COLORADO,DEMOCRAT,REPUBLICAN,"OBAMA, BARACK H.","ROMNEY, MITT",1323101,1185243,2569516,51.492226551615175,51.492226551615175,46.127091639047975
466,2012,CONNECTICUT,DEMOCRAT,REPUBLICAN,"OBAMA, BARACK H.","ROMNEY, MITT",905083,634892,1558204,58.085013258854424,58.085013258854424,40.74511424691504
467,2012,DELAWARE,DEMOCRAT,REPUBLICAN,"OBAMA, BARACK H.","ROMNEY, MITT",242584,165484,413890,58.61074198458528,58.61074198458528,39.98260407354611
468,2012,DISTRICT OF COLUMBIA,DEMOCRAT,REPUBLICAN,"OBAMA, BARACK H.","ROMNEY, MITT",267070,21381,293764,90.91311392818724,90.91311392818724,7.2782914176005225
469,2012,FLORIDA,DEMOCRAT,REPUBLICAN,"OBAMA, BARACK H.","ROMNEY, MITT",4237756,4163447,8474179,50.007865068698685,50.007865068698685,49.13097776197552
470,2012,GEORGIA,DEMOCRAT,REPUBLICAN,"OBAMA, BARACK H.","ROMNEY, MITT",1773827,2078688,3897839,45.50795966688209,45.50795966688209,53.32924217752451
471,2012,HAWAII,DEMOCRAT,REPUBLICAN,"OBAMA, BARACK H.","ROMNEY, MITT",306658,121015,437159,70.14793244563191,70.14793244563191,27.68214768539593
472,2012,IDAHO,DEMOCRAT,REPUBLICAN,"OBAMA, BARACK H.","ROMNEY, MITT",212787,420911,652274,32.62233355920978,32.62233355920978,64.52978349589283
473,2012,ILLINOIS,DEMOCRAT,REPUBLICAN,"OBAMA, BARACK H.","ROMNEY, MITT",3019512,2135216,5242014,57.60213536247709,57.60213536247709,40.7327412708169
474,2012,INDIANA,DEMOCRAT,REPUBLICAN,"OBAMA, BARACK H.","ROMNEY, MITT",1152887,1420543,2624534,43.92730290405839,43.92730290405839,54.12553238022445
475,2012,IOWA,DEMOCRAT,REPUBLICAN,"OBAMA, BARACK H.","ROMNEY, MITT",822544,730617,1582180,51.98801653414908,51.98801653414908,46.17786851053609
476,2012,KANSAS,DEMOCRAT,REPUBLICAN,"OBAMA, BARACK H.","ROMNEY, MITT",440726,692634,1159971,37.99457055391902,37.99457055391902,59.711320369216125
477,2012,KENTUCKY,DEMOCRAT,REPUBLICAN,"OBAMA, BARACK H.","ROMNEY, MITT",679370,1087190,1797212,37.8013278344458,37.8013278344458,60.49314159932162
478,2012,LOUISIANA,DEMOCRAT,REPUBLICAN,"OBAMA, BARACK H.","ROMNEY, MITT",809141,1152262,1994065,40.57746362330215,40.57746362330215,57.78457572847425
479,2012,MAINE,DEMOCRAT,REPUBLICAN,"OBAMA, BARACK H.","ROMNEY, MITT",401306,292276,724758,55.371034193482515,55.371034193482515,40.3273920398257
480,2012,MARYLAND,DEMOCRAT,REPUBLICAN,"OBAMA, BARACK H.","ROMNEY, MITT",1677844,971869,2707327,61.97419077931849,61.97419077931849,35.89773233894539
481,2012,MASSACHUSETTS,DEMOCRAT,REPUBLICAN,"OBAMA, BARACK H.","ROMNEY, MITT",1921290,1188314,3184196,60.33830832021647,60.33830832021647,37.319122315334866
482,2012,MICHIGAN,DEMOCRAT,REPUBLICAN,"OBAMA, BARACK H.","ROMNEY, MITT",2564569,2115256,4730961,54.20820421051875,54.20820421051875,44.710916027420225
483,2012,MINNESOTA,DEMOCRAT,REPUBLICAN,"OBAMA, BARACK H.","ROMNEY, MITT",1546167,1320225,2936561,52.65230315324626,52.65230315324626,44.958201106668646
484,2012,MISSISSIPPI,DEMOCRAT,REPUBLICAN,"OBAMA, BARACK H.","ROMNEY, MITT",562949,710746,1285584,43.78935954398935,43.78935954398935,55.285846743581125
485,2012,MISSOURI,DEMOCRAT,REPUBLICAN,"OBAMA, BARACK H.","ROMNEY, MITT",1223796,1482440,2757323,44.38348354545333,44.38348354545333,53.76374113587708
486,2012,MONTANA,DEMOCRAT,REPUBLICAN,"OBAMA, BARACK H.","ROMNEY, MITT",201839,267928,484048,41.6981373748058,41.6981373748058,55.3515353849205
487,2012,NEBRASKA,DEMOCRAT,REPUBLICAN,"OBAMA, BARACK H.","ROMNEY, MITT",302081,475064,794379,38.02731441792898,38.02731441792898,59.80319217904804
488,2012,NEVADA,DEMOCRAT,REPUBLICAN,"OBAMA, BARACK H.","ROMNEY, MITT",531373,463567,1014918,52.35624947040056,52.35624947040056,45.67531564126363
489,2012,NEW HAMPSHIRE,DEMOCRAT,REPUBLICAN,"OBAMA, BARACK H.","ROMNEY, MITT",369561,329918,710972,51.97968415071198,51.97968415071198,46.40379649268888
490,2012,NEW JERSEY,DEMOCRAT,REPUBLICAN,"OBAMA, BARACK H.","ROMNEY, MITT",2122786,1478088,3638499,58.3423549106376,58.3423549106376,40.623564827144385
491,2012,NEW MEXICO,DEMOCRAT,REPUBLICAN,"OBAMA, BARACK H.","ROMNEY, MITT",415335,335788,783758,52.992760520466774,52.992760520466774,42.84332663909013
492,2012,NEW YORK,DEMOCRAT,REPUBLICAN,"OBAMA, BARACK H.","ROMNEY, MITT",4324228,2223397,7116784,60.76098417487449,60.76098417487449,31.241597328231403
493,2012,NORTH CAROLINA,DEMOCRAT,REPUBLICAN,"OBAMA, BARACK H.","ROMNEY, MITT",2178391,2270395,4505372,48.350968577067555,48.350968577067555,50.39306410214295
494,2012,NORTH DAKOTA,DEMOCRAT,REPUBLICAN,"OBAMA, BARACK H.","ROMNEY, MITT",124966,188320,322932,38.69731088897972,38.69731088897972,58.31568255855723
495,2012,OHIO,DEMOCRAT,REPUBLICAN,"OBAMA, BARACK H.","ROMNEY, MITT",2827621,2661407,5580822,50.66674765831986,50.66674765831986,47.68844087842257
496,2012,OKLAHOMA,DEMOCRAT,REPUBLICAN,"OBAMA, BARACK H.","ROMNEY, MITT",443547,891325,1334872,33.22768025698344,33.22768025698344,66.77231974301657
497,2012,OREGON,DEMOCRAT,REPUBLICAN,"OBAMA, BARACK H.","ROMNEY, MITT",970488,754175,1789270,54.239326652769,54.239326652769,42.14987117651333
498,2012,PENNSYLVANIA,DEMOCRAT,REPUBLICAN,"OBAMA, BARACK H.","ROMNEY, MITT",2990274,2680434,5742040,52.0768577021407,52.0768577021407,46.68086603367445
499,2012,RHODE ISLAND,DEMOCRAT,REPUBLICAN,"OBAMA, BARACK H.","ROMNEY, MITT",279677,157204,446049,62.7009588632639,62.7009588632639,35.24366157081397
500,2012,SOUTH CAROLINA,DEMOCRAT,REPUBLICAN,"OBAMA, BARACK H.","ROMNEY, MITT",865941,1071645,1964118,44.08803340736147,44.08803340736147,54.561131255861405
501,2012,SOUTH DAKOTA,DEMOCRAT,REPUBLICAN,"OBAMA, BARACK H.","ROMNEY, MITT",145039,210610,363815,39.86614075835246,39.86614075835246,57.88931187554114
502,2012,TENNESSEE,DEMOCRAT,REPUBLICAN,"OBAMA, BARACK H.","ROMNEY, MITT",960709,1462330,2458577,39.07581499379519,39.07581499379519,59.478714719937585
503,2012,TEXAS,DEMOCRAT,REPUBLICAN,"OBAMA, BARACK H.","ROMNEY, MITT",3308124,4569843,7993851,41.383358283760856,41.383358283760856,57.16697746805639
504,2012,UTAH,DEMOCRAT,REPUBLICAN,"OBAMA, BARACK H.","ROMNEY, MITT",251813,740600,1017440,24.74966582796037,24.74966582796037,72.7905331026891
505,2012,VERMONT,DEMOCRAT,REPUBLICAN,"OBAMA, BARACK H.","ROMNEY, MITT",199239,92698,299290,66.5705503023823,66.5705503023823,30.97263523672692
506,2012,VIRGINIA,DEMOCRAT,REPUBLICAN,"OBAMA, BARACK H.","ROMNEY, MITT",1971820,1822522,3854489,51.15645679621864,51.15645679621864,47.28310289638912
507,2012,WASHINGTON,DEMOCRAT,REPUBLICAN,"OBAMA, BARACK H.","MITT, ROMNEY",1755396,1290670,3125516,56.163398299672764,56.163398299672764,41.29462143210913
508,2012,WEST VIRGINIA,DEMOCRAT,REPUBLICAN,"OBAMA, BARACK H.","ROMNEY, MITT",238269,417655,670438,35.53930415638732,35.53930415638732,62.29584241943327
509,2012,WISCONSIN,DEMOCRAT,REPUBLICAN,"OBAMA, BARACK H.","ROMNEY, MITT",1620985,1410966,3071434,52.77616253515459,52.77616253515459,45.93834671361976
510,2012,WYOMING,DEMOCRAT,REPUBLICAN,"OBAMA, BARACK H.","ROMNEY, MITT",69286,170962,250701,27.63690611525283,27.63690611525283,68.19358518713527
511,2016,ALABAMA,DEMOCRAT,REPUBLICAN,"CLINTON, HILLARY","TRUMP, DONALD J.",729547,1318255,2123372,34.35794575797364,34.35794575797364,62.08309236440906
512,2016,ALASKA,DEMOCRAT,REPUBLICAN,"CLINTON, HILLARY","TRUMP, DONALD J.",116454,163387,318608,36.550871290111985,36.550871290111985,51.281512077537286
513,2016,ARIZONA,DEMOCRAT,REPUBLICAN,"CLINTON, HILLARY","TRUMP, DONALD J.",1161167,1252401,2573165,45.12602184469321,45.12602184469321,48.67161647232105
514,2016,ARIZONA,DEMOCRAT,REPUBLICAN,,"TRUMP, DONALD J.",42,1252401,2573165,0.001632231123927148,0.001632231123927148,48.67161647232105
515,2016,ARKANSAS,DEMOCRAT,REPUBLICAN,"CLINTON, HILLARY","TRUMP, DONALD J.",380494,684872,1130635,33.65312412936093,33.65312412936093,60.57410216382829
516,2016,CALIFORNIA,DEMOCRAT,REPUBLICAN,"CLINTON, HILLARY","TRUMP, DONALD J.",8753788,4483810,14181595,61.72639960455788,61.72639960455788,31.617106538439433
517,2016,COLORADO,DEMOCRAT,REPUBLICAN,"CLINTON, HILLARY","TRUMP, DONALD J.",1338870,1202484,2780220,48.1569803828474,48.1569803828474,43.25139737143104
518,2016,CONNECTICUT,DEMOCRAT,REPUBLICAN,"CLINTON, HILLARY","TRUMP, DONALD J.",897572,673215,1644920,54.56630109670987,54.56630109670987,40.92691437881478
519,2016,DELAWARE,DEMOCRAT,REPUBLICAN,"CLINTON, HILLARY","TRUMP, DONALD J.",235603,185127,441590,53.353336805634186,53.353336805634186,41.92282433931928
520,2016,DISTRICT OF COLUMBIA,DEMOCRAT,REPUBLICAN,"CLINTON, HILLARY","TRUMP, DONALD J.",282830,12723,312575,90.48388386787171,90.48388386787171,4.070383108054067
521,2016,FLORIDA,DEMOCRAT,REPUBLICAN,"CLINTON, HILLARY","TRUMP, DONALD J.",4504975,4617886,9420039,47.82331580580505,47.82331580580505,49.021941416590735
522,2016,GEORGIA,DEMOCRAT,REPUBLICAN,"CLINTON, HILLARY","TRUMP, DONALD J.",1877963,2089104,4114732,45.63998335736082,45.63998335736082,50.771326054771
523,2016,HAWAII,DEMOCRAT,REPUBLICAN,"CLINTON, HILLARY","TRUMP, DONALD J.",266891,128847,437664,60.98079805512905,60.98079805512905,29.439707172625575
524,2016,IDAHO,DEMOCRAT,REPUBLICAN,"CLINTON, HILLARY","TRUMP, DONALD J.",189765,409055,690255,27.492013820979206,27.492013820979206,59.26143236919689
525,2016,ILLINOIS,DEMOCRAT,REPUBLICAN,"CLINTON, HILLARY","TRUMP, DONALD J.",3090729,2146015,5536424,55.8253666987933,55.8253666987933,38.761753073825275
526,2016,INDIANA,DEMOCRAT,REPUBLICAN,"CLINTON, HILLARY","TRUMP, DONALD J.",1033126,1557286,2734958,37.774839686752046,37.774839686752046,56.94003344841128
527,2016,IOWA,DEMOCRAT,REPUBLICAN,"CLINTON, HILLARY","TRUMP, DONALD J.",653669,800983,1565580,41.752513445496234,41.752513445496234,51.16206134467737
528,2016,KANSAS,DEMOCRAT,REPUBLICAN,"CLINTON, HILLARY","TRUMP, DONALD J.",427005,671018,1184402,36.05237073223449,36.05237073223449,56.65458180583958
529,2016,KENTUCKY,DEMOCRAT,REPUBLICAN,"CLINTON, HILLARY","TRUMP, DONALD J.",628854,1202971,1924149,32.68218833364776,32.68218833364776,62.519638551900094
530,2016,LOUISIANA,DEMOCRAT,REPUBLICAN,"CLINTON, HILLARY","TRUMP, DONALD J.",780154,1178638,2029032,38.44956609851397,38.44956609851397,58.0886846535688
531,2016,MAINE,DEMOCRAT,REPUBLICAN,"CLINTON, HILLARY","TRUMP, DONALD J.",357735,335593,771892,46.345214097308954,46.345214097308954,43.476678084498865
532,2016,MARYLAND,DEMOCRAT,REPUBLICAN,"CLINTON, HILLARY","TRUMP, DONALD J.",1677928,943169,2781446,60.32574423519277,60.32574423519277,33.90930472854767
533,2016,MARYLAND,DEMOCRAT,REPUBLICAN,"CLINTON, HILLARY","TRUMP, DONALD J.",1677928,259,2781446,60.32574423519277,60.32574423519277,0.009311703337041238
534,2016,MARYLAND,DEMOCRAT,REPUBLICAN,"CLINTON, HILLARY","TRUMP, DONALD J.",78,943169,2781446,0.002804296757873423,0.002804296757873423,33.90930472854767
535,2016,MARYLAND,DEMOCRAT,REPUBLICAN,"CLINTON, HILLARY","TRUMP, DONALD J.",78,259,2781446,0.002804296757873423,0.002804296757873423,0.009311703337041238
536,2016,MASSACHUSETTS,DEMOCRAT,REPUBLICAN,"CLINTON, HILLARY","TRUMP, DONALD J.",1995196,1090893,3378821,59.05006509667129,59.05006509667129,32.28620279085515
537,2016,MICHIGAN,DEMOCRAT,REPUBLICAN,"CLINTON, HILLARY","TRUMP, DONALD J.",2268839,2279543,4799284,47.27453095086684,47.27453095086684,47.49756421999615
538,2016,MINNESOTA,DEMOCRAT,REPUBLICAN,"CLINTON, HILLARY","TRUMP, DONALD J.",1367705,1322949,2944782,46.44503396176695,46.44503396176695,44.92519310427733
539,2016,MISSISSIPPI,DEMOCRAT,REPUBLICAN,"CLINTON, HILLARY","TRUMP, DONALD J.",485131,700714,1209357,40.11478827178409,40.11478827178409,57.94103808883564
540,2016,MISSOURI,DEMOCRAT,REPUBLICAN,"CLINTON, HILLARY","TRUMP, DONALD J.",1071068,1594511,2808605,38.13523083523671,38.13523083523671,56.77234783816165
541,2016,MONTANA,DEMOCRAT,REPUBLICAN,"CLINTON, HILLARY","TRUMP, DONALD J.",177709,279240,494526,35.93521877515035,35.93521877515035,56.466191868577184
542,2016,NEBRASKA,DEMOCRAT,REPUBLICAN,"CLINTON, HILLARY","TRUMP, DONALD J.",284494,495961,844227,33.69875637713554,33.69875637713554,58.74735112712576
543,2016,NEVADA,DEMOCRAT,REPUBLICAN,"CLINTON, HILLARY","TRUMP, DONALD J.",539260,512058,1125385,47.91782367811904,47.91782367811904,45.50069531760242
544,2016,NEW HAMPSHIRE,DEMOCRAT,REPUBLICAN,"CLINTON, HILLARY","TRUMP, DONALD J.",348526,345790,744296,46.82626266969056,46.82626266969056,46.458666981953414
545,2016,NEW JERSEY,DEMOCRAT,REPUBLICAN,"CLINTON, HILLARY","TRUMP, DONALD J.",2148278,1601933,3874046,55.4530844496942,55.4530844496942,41.35038665002945
546,2016,NEW MEXICO,DEMOCRAT,REPUBLICAN,"CLINTON, HILLARY","TRUMP, DONALD J.",385234,319667,798319,48.255647178634106,48.255647178634106,40.04251433324272
547,2016,NEW YORK,DEMOCRAT,REPUBLICAN,"CLINTON, HILLARY","TRUMP, DONALD J.",4379789,2527142,7802084,56.13614259984896,56.13614259984896,32.390602305742924
548,2016,NORTH CAROLINA,DEMOCRAT,REPUBLICAN,"CLINTON, HILLARY","TRUMP, DONALD J.",2189316,2362631,4741564,46.172866168209474,46.172866168209474,49.828094696180415
549,2016,NORTH DAKOTA,DEMOCRAT,REPUBLICAN,"CLINTON, HILLARY","TRUMP, DONALD J.",93758,216794,344360,27.226739458706007,27.226739458706007,62.9556278313393
550,2016,OHIO,DEMOCRAT,REPUBLICAN,"CLINTON, HILLARY","TRUMP, DONALD J.",2394164,2841005,5496487,43.55807627672002,43.55807627672002,51.68765067578619
551,2016,OKLAHOMA,DEMOCRAT,REPUBLICAN,"CLINTON, HILLARY","TRUMP, DONALD J.",420375,949136,1452992,28.931680284543894,28.931680284543894,65.32286481962736
552,2016,OREGON,DEMOCRAT,REPUBLICAN,"CLINTON, HILLARY","TRUMP, DONALD J.",1002106,782403,2001336,50.07185200286208,50.07185200286208,39.094035184496754
553,2016,PENNSYLVANIA,DEMOCRAT,REPUBLICAN,"CLINTON, HILLARY","TRUMP, DONALD J.",2926441,2970733,6115402,47.85361616456285,47.85361616456285,48.57788580374602
554,2016,RHODE ISLAND,DEMOCRAT,REPUBLICAN,"CLINTON, HILLARY","TRUMP, DONALD J.",252525,180543,464144,54.40660657037471,54.40660657037471,38.898057499396735
555,2016,SOUTH CAROLINA,DEMOCRAT,REPUBLICAN,"CLINTON, HILLARY","TRUMP, DONALD J.",855373,1155389,2103027,40.67341978966509,40.67341978966509,54.93933268569543
556,2016,SOUTH DAKOTA,DEMOCRAT,REPUBLICAN,"CLINTON, HILLARY","TRUMP, DONALD J.",117458,227721,370093,31.737428159948987,31.737428159948987,61.5307503789588
557,2016,TENNESSEE,DEMOCRAT,REPUBLICAN,"CLINTON, HILLARY","TRUMP, DONALD J.",870695,1522925,2508027,34.71633279865009,34.71633279865009,60.722033694214616
558,2016,TEXAS,DEMOCRAT,REPUBLICAN,"CLINTON, HILLARY","TRUMP, DONALD J.",3877868,4685047,8969226,43.23525798101196,43.23525798101196,52.234685579335384
559,2016,UTAH,DEMOCRAT,REPUBLICAN,"CLINTON, HILLARY","TRUMP, DONALD J.",310674,515211,1131317,27.46126859226901,27.46126859226901,45.54081658810042
560,2016,VERMONT,DEMOCRAT,REPUBLICAN,"CLINTON, HILLARY","TRUMP, DONALD J.",178573,95369,320467,55.72274212321393,55.72274212321393,29.759382401308095
561,2016,VIRGINIA,DEMOCRAT,REPUBLICAN,"CLINTON, HILLARY","TRUMP, DONALD J.",1981473,1769443,3982752,49.7513528334177,49.7513528334177,44.427647013924044
562,2016,WASHINGTON,DEMOCRAT,REPUBLICAN,"CLINTON, HILLARY","TRUMP, DONALD J.",1742718,1221747,3317019,52.53868006182659,52.53868006182659,36.83268018663746
563,2016,WEST VIRGINIA,DEMOCRAT,REPUBLICAN,"CLINTON, HILLARY","TRUMP, DONALD J.",188794,489371,713051,26.476928017771517,26.476928017771517,68.63057481161935
564,2016,WISCONSIN,DEMOCRAT,REPUBLICAN,"CLINTON, HILLARY","TRUMP, DONALD J.",1382536,1405284,2976150,46.45384137224266,46.45384137224266,47.21818456731012
565,2016,WYOMING,DEMOCRAT,REPUBLICAN,"CLINTON, HILLARY","TRUMP, DONALD J.",55973,174419,258788,21.628900876393033,21.628900876393033,67.3984110546084
566,2020,ALABAMA,DEMOCRAT,REPUBLICAN,"BIDEN, JOSEPH R. JR","TRUMP, DONALD J.",849624,1441170,2323282,36.569990212122335,36.569990212122335,62.031643166864804
567,2020,ALASKA,DEMOCRAT,REPUBLICAN,"BIDEN, JOSEPH R. JR","TRUMP, DONALD J.",153778,189951,359530,42.771952271020496,42.771952271020496,52.83314327038078
568,2020,ARIZONA,DEMOCRAT,REPUBLICAN,"BIDEN, JOSEPH R. JR","TRUMP, DONALD J.",1672143,1661686,3387326,49.364690614366616,49.364690614366616,49.05598103046474
569,2020,ARKANSAS,DEMOCRAT,REPUBLICAN,"BIDEN, JOSEPH R. JR","TRUMP, DONALD J.",423932,760647,1219069,34.77506195301496,34.77506195301496,62.39572985614432
570,2020,CALIFORNIA,DEMOCRAT,REPUBLICAN,"BIDEN, JOSEPH R. JR","TRUMP, DONALD J.",11110250,6006429,17500881,63.48394689387351,63.48394689387351,34.32072362528492
571,2020,COLORADO,DEMOCRAT,REPUBLICAN,"BIDEN, JOSEPH R. JR","TRUMP, DONALD J.",1804352,1364607,3279980,55.01106714065329,55.01106714065329,41.60412563491241
572,2020,CONNECTICUT,DEMOCRAT,REPUBLICAN,"BIDEN, JOSEPH R. JR","TRUMP, DONALD J.",1080831,714717,1823857,59.26073151568352,59.26073151568352,39.187118288330716
573,2020,DELAWARE,DEMOCRAT,REPUBLICAN,"BIDEN, JOSEPH R. JR","TRUMP, DONALD J.",296268,200603,504346,58.743005793641665,58.743005793641665,39.774876771105546
574,2020,DISTRICT OF COLUMBIA,DEMOCRAT,REPUBLICAN,"BIDEN, JOSEPH R. JR","TRUMP, DONALD J.",317323,18586,344356,92.14969392140692,92.14969392140692,5.397321376714795
575,2020,FLORIDA,DEMOCRAT,REPUBLICAN,"BIDEN, JOSEPH R. JR","TRUMP, DONALD J.",5297045,5668731,11067456,47.86145072544223,47.86145072544223,51.21981962250403
576,2020,GEORGIA,DEMOCRAT,REPUBLICAN,"BIDEN, JOSEPH R. JR","TRUMP, DONALD J.",2473633,2461854,4999960,49.473055784446274,49.473055784446274,49.2374738997912
577,2020,HAWAII,DEMOCRAT,REPUBLICAN,"BIDEN, JOSEPH R. JR","TRUMP, DONALD J.",366130,196864,579784,63.14937976901742,63.14937976901742,33.95471416941482
578,2020,IDAHO,DEMOCRAT,REPUBLICAN,"BIDEN, JOSEPH R. JR","TRUMP, DONALD J.",287021,554119,868014,33.06640215480395,33.06640215480395,63.837564831903634
579,2020,ILLINOIS,DEMOCRAT,REPUBLICAN,"BIDEN, JOSEPH R. JR","TRUMP, DONALD J.",3471915,2446891,6033743,57.54164537667581,57.54164537667581,40.55345081817372
580,2020,INDIANA,DEMOCRAT,REPUBLICAN,"BIDEN, JOSEPH R. JR","TRUMP, DONALD J.",1242416,1729519,3033118,40.96167705971215,40.96167705971215,57.02115776570512
581,2020,IOWA,DEMOCRAT,REPUBLICAN,"BIDEN, JOSEPH R. JR","TRUMP, DONALD J.",759061,897672,1700130,44.64723285866375,44.64723285866375,52.80019763194579
582,2020,KANSAS,DEMOCRAT,REPUBLICAN,"BIDEN, JOSEPH R. JR","TRUMP, DONALD J.",570323,771406,1372303,41.55955353883217,41.55955353883217,56.212512834264736
583,2020,KENTUCKY,DEMOCRAT,REPUBLICAN,"BIDEN, JOSEPH R. JR","TRUMP, DONALD J.",772474,1326646,2136768,36.15151481115404,36.15151481115404,62.08657186929044
584,2020,LOUISIANA,DEMOCRAT,REPUBLICAN,"BIDEN, JOSEPH R. JR","TRUMP, DONALD J.",856034,1255776,2148062,39.85145680152621,39.85145680152621,58.46088241400853
585,2020,MAINE,DEMOCRAT,REPUBLICAN,"BIDEN, JOSEPH R. JR","TRUMP, DONALD J.",435072,360737,828305,52.525579345772385,52.525579345772385,43.551228110418265
586,2020,MARYLAND,DEMOCRAT,REPUBLICAN,"BIDEN, JOSEPH R. JR","TRUMP, DONALD J.",1985023,976414,3037030,65.36066486007711,65.36066486007711,32.15029156774876
587,2020,MASSACHUSETTS,DEMOCRAT,REPUBLICAN,"BIDEN, JOSEPH R. JR","TRUMP, DONALD J.",2382202,1167202,3658005,65.12298370286535,65.12298370286535,31.90815758863096
588,2020,MICHIGAN,DEMOCRAT,REPUBLICAN,"BIDEN, JOSEPH R. JR","TRUMP, DONALD J.",2804040,2649852,5539302,50.62081829082437,50.62081829082437,47.83729069113762
589,2020,MINNESOTA,DEMOCRAT,REPUBLICAN,"BIDEN, JOSEPH R. JR","TRUMP, DONALD J.",1717077,1484065,3277171,52.39509930974001,52.39509930974001,45.28494240916937
590,2020,MISSISSIPPI,DEMOCRAT,REPUBLICAN,"BIDEN, JOSEPH R. JR","TRUMP, DONALD J.",539398,756764,1313759,41.05760645597861,41.05760645597861,57.60295457538255
591,2020,MISSOURI,DEMOCRAT,REPUBLICAN,"BIDEN, JOSEPH R. JR","TRUMP, DONALD J.",1253014,1718736,3025962,41.40878173618836,41.40878173618836,56.79965577888949
592,2020,MONTANA,DEMOCRAT,REPUBLICAN,"BIDEN, JOSEPH R. JR","TRUMP, DONALD J.",244786,343602,603674,40.54936936160908,40.54936936160908,56.91846924002027
593,2020,NEBRASKA,DEMOCRAT,REPUBLICAN,"BIDEN, JOSEPH R. JR","TRUMP, DONALD J.",374583,556846,956383,39.166630941787965,39.166630941787965,58.22416333205421
594,2020,NEVADA,DEMOCRAT,REPUBLICAN,"BIDEN, JOSEPH R. JR","TRUMP, DONALD J.",703486,669890,1405376,50.056781957284024,50.056781957284024,47.66624732455941
595,2020,NEW HAMPSHIRE,DEMOCRAT,REPUBLICAN,"BIDEN, JOSEPH R. JR","TRUMP, DONALD J.",424921,365654,806182,52.70782528014766,52.70782528014766,45.3562595046776
596,2020,NEW JERSEY,DEMOCRAT,REPUBLICAN,"BIDEN, JOSEPH R. JR","TRUMP, DONALD J.",2608335,1883274,4549353,57.334196752812986,57.334196752812986,41.396523857348505
597,2020,NEW MEXICO,DEMOCRAT,REPUBLICAN,"BIDEN, JOSEPH R. JR","TRUMP, DONALD J.",501614,401894,923965,54.289285849572224,54.289285849572224,43.49666924612946
598,2020,NEW YORK,DEMOCRAT,REPUBLICAN,"BIDEN, JOSEPH R. JR","TRUMP, DONALD J.",5230985,3244798,8661735,60.391884535834905,60.391884535834905,37.46129384009093
599,2020,NORTH CAROLINA,DEMOCRAT,REPUBLICAN,"BIDEN, JOSEPH R. JR","TRUMP, DONALD J.",2684292,2758773,5524802,48.58621177736324,48.58621177736324,49.93433248829551
600,2020,NORTH DAKOTA,DEMOCRAT,REPUBLICAN,"BIDEN, JOSEPH R. JR","TRUMP, DONALD J.",114902,235595,361819,31.756762359080092,31.756762359080092,65.11404873707572
601,2020,OHIO,DEMOCRAT,REPUBLICAN,"BIDEN, JOSEPH R. JR","TRUMP, DONALD J.",2679165,3154834,5922202,45.239338340705025,45.239338340705025,53.27130010087464
602,2020,OKLAHOMA,DEMOCRAT,REPUBLICAN,"BIDEN, JOSEPH R. JR","TRUMP, DONALD J.",503890,1020280,1560699,32.28617433598664,32.28617433598664,65.37327184806296
603,2020,OREGON,DEMOCRAT,REPUBLICAN,"BIDEN, JOSEPH R. JR","TRUMP, DONALD J.",1340383,958448,2374321,56.45331865404888,56.45331865404888,40.367246046343354
604,2020,PENNSYLVANIA,DEMOCRAT,REPUBLICAN,"BIDEN, JOSEPH R. JR","TRUMP, DONALD J.",3458229,3377674,6915283,50.00849567544814,50.00849567544814,48.84361204017247
605,2020,RHODE ISLAND,DEMOCRAT,REPUBLICAN,"BIDEN, JOSEPH R. JR","TRUMP, DONALD J.",307486,199922,516990,59.476198765933574,59.476198765933574,38.670380471575854
606,2020,SOUTH CAROLINA,DEMOCRAT,REPUBLICAN,"BIDEN, JOSEPH R. JR","TRUMP, DONALD J.",1091541,1385103,2514096,43.41683849781393,43.41683849781393,55.09348091719648
607,2020,SOUTH DAKOTA,DEMOCRAT,REPUBLICAN,"BIDEN, JOSEPH R. JR","TRUMP, DONALD J.",150471,261043,422609,35.60525213613529,35.60525213613529,61.76938967225024
608,2020,TENNESSEE,DEMOCRAT,REPUBLICAN,"BIDEN, JOSEPH R. JR","TRUMP, DONALD J.",1143711,1852475,3053851,37.4514342710237,37.4514342710237,60.66029416628381
609,2020,TEXAS,DEMOCRAT,REPUBLICAN,"BIDEN, JOSEPH R. JR","TRUMP, DONALD J.",5259126,5890347,11315056,46.47900991387051,46.47900991387051,52.05760360355265
610,2020,UTAH,DEMOCRAT,REPUBLICAN,"BIDEN, JOSEPH R. JR","TRUMP, DONALD J.",560282,865140,1488289,37.64604858330606,37.64604858330606,58.129839029919594
611,2020,VERMONT,DEMOCRAT,REPUBLICAN,"BIDEN, JOSEPH R. JR","TRUMP, DONALD J.",242820,112704,370968,65.45578055250049,65.45578055250049,30.38105712622113
612,2020,VIRGINIA,DEMOCRAT,REPUBLICAN,"BIDEN, JOSEPH R. JR","TRUMP, DONALD J.",2413568,1962430,4460524,54.109517177802424,54.109517177802424,43.99550366728214
613,2020,WASHINGTON,DEMOCRAT,REPUBLICAN,"BIDEN, JOSEPH R. JR","TRUMP, DONALD J.",2369612,1584651,4087631,57.97030113530306,57.97030113530306,38.766977743343276
614,2020,WEST VIRGINIA,DEMOCRAT,REPUBLICAN,"BIDEN, JOSEPH R. JR","TRUMP, DONALD J.",235984,545382,794652,29.696521244519612,29.696521244519612,68.63155192461606
615,2020,WISCONSIN,DEMOCRAT,REPUBLICAN,"BIDEN, JOSEPH R. JR","TRUMP, DONALD J.",1630866,1610184,3298041,49.44953686142774,49.44953686142774,48.822437319608824
616,2020,WYOMING,DEMOCRAT,REPUBLICAN,"BIDEN, JOSEPH R. JR","TRUMP, DONALD J.",73491,193559,278503,26.387866557990396,26.387866557990396,69.49978994840271
